Station_Name,Index_No,Basin_Office,Types_of_Station,District,Latitude,Longitude,Elemeter,AgEstdDate,NMS_EstdDate,geometry
Chameliya,-1.0,R,AWS,Darchula,29.683333,80.566667,764,,,POINT (80.566667 29.683333)
KAKERPAKHA,101.0,R,PRECIPITATION,Baitadi,29.65,80.5,842,1956-05-01,1973-01-03,POINT (80.5 29.65)
BAITADI,102.0,R,PRECIPITATION,Baitadi,29.55,80.416667,1635,1973-05-01,1973-02-03,POINT (80.416667 29.55)
PATAN (WEST),103.0,R,CLIMATOLOGY,Baitadi,29.466667,80.533333,1266,1956-05-01,1973-01-03,POINT (80.533333 29.466667)
DADELDHURA,104.0,R,SYNOPTIC,Dadeldhura,29.3,80.583333,1848,1956-05-01,1970-06-03,POINT (80.583333 29.3)
MAHENDRA NAGAR,105.0,R,AGROMETEOROLOGY,Kanchanpur,29.033333,80.216667,176,,1971-02-03,POINT (80.216667 29.033333)
BELAURI SANTIPUR,106.0,R,PRECIPITATION,Kanchanpur,28.683333,80.35,159,,1971-02-03,POINT (80.35 28.683333)
DARCHULA,107.0,R,CLIMATOLOGY,Darchula,29.85,80.566667,1097,,1974-02-03,POINT (80.566667 29.85)
SATBANJH,108.0,R,PRECIPITATION,Baitadi,29.533333,80.466667,2370,,1976-06-03,POINT (80.466667 29.533333)
PIPALKOT,201.0,R,PRECIPITATION,Bajhang,29.616667,80.866667,1456,1956-06-01,1973-01-03,POINT (80.866667 29.616667)
CHAINPUR(WEST),202.0,R,CLIMATOLOGY,Bajhang,29.55,81.216667,1304,1956-06-01,1973-01-03,POINT (81.216667 29.55)
SILGADI DOTI,203.0,R,CLIMATOLOGY,Doti,29.266667,80.983333,1360,1956-06-01,1973-01-03,POINT (80.983333 29.266667)
BAJURA,204.0,R,PRECIPITATION,Bajura,29.383333,81.316667,1400,,1976-01-03,POINT (81.316667 29.383333)
KATAI,205.0,R,PRECIPITATION,Doti,29.0,81.133333,1388,1957-12-01,1973-01-03,POINT (81.133333 29)
ASARA GHAT,206.0,R,PRECIPITATION,Achham,28.95,81.45,650,1963-03-01,1974-01-03,POINT (81.45 28.95)
TIKAPUR,207.0,R,CLIMATOLOGY,Kailali,28.533333,81.116667,140,,1976-03-03,POINT (81.116667 28.533333)
SANDEPANI,208.0,R,PRECIPITATION,Kailali,28.75,80.916667,195,1957-12-01,1973-01-03,POINT (80.916667 28.75)
DHANGADHI(ATARIYA),209.0,R,SYNOPTIC,Kaliali,28.8,80.55,187,1956-06-01,1971-02-03,POINT (80.55 28.8)
BANGGA CAMP,210.0,R,PRECIPITATION,Achham,28.966667,81.116667,340,1963-03-01,1974-12-03,POINT (81.116667 28.966667)
KHAPTAD,211.0,R,PRECIPITATION,Doti,29.383333,81.2,3430,,1976-04-03,POINT (81.2 29.383333)
SITAPUR,212.0,R,PRECIPITATION,Kailali,28.566667,80.816667,152,,1971-02-03,POINT (80.816667 28.566667)
KOLAGAUN,214.0,R,PRECIPITATION,Doti,29.116667,80.683333,1304,,1975-02-03,POINT (80.683333 29.116667)
GODAVARI(WEST),215.0,R,CLIMATOLOGY,Kailali,28.866667,80.633333,288,,1975-06-03,POINT (80.633333 28.866667)
MANGALSEN,217.0,R,PRECIPITATION,Achham,29.15,81.283333,1345,,1976-01-03,POINT (81.283333 29.15)
DIPAYAL(DOTI),218.0,R,SYNOPTIC,Doti,2915.1,8056.766667,652,,1981-12-03,POINT (8056.766667 2915.1)
OLI GAUN,220.0,R,CLIMATOLOGY,Achham,29.166667,81.283333,820,,2018-01-06,POINT (81.283333 29.166667)
MUGU,301.0,R,PRECIPITATION,Mugu,29.75,82.55,3803,1958-06-01,1973-03-03,POINT (82.55 29.75)
THIRPU,302.0,R,PRECIPITATION,Kalikot,29.316667,81.766667,1006,1956-12-01,1973-03-03,POINT (81.766667 29.316667)
JUMLA,303.0,R,SYNOPTIC,jumla,29.283333,82.166667,2300,1956-12-01,1956-11-03,POINT (82.166667 29.283333)
GUTHI CHAUR,304.0,R,PRECIPITATION,Jumla,29.283333,82.316667,3080,,1976-06-03,POINT (82.316667 29.283333)
SHERI GHAT,305.0,R,PRECIPITATION,Kalikot,29.133333,81.6,1210,1966-02-01,1975-01-03,POINT (81.6 29.133333)
GAM SHREE NAGAR,306.0,R,PRECIPITATION,Mugu,29.55,82.15,2133,,1970-10-03,POINT (82.15 29.55)
RARA,307.0,R,CLIMATOLOGY,Mugu,29.55,82.116667,3048,,1970-10-03,POINT (82.116667 29.55)
NAGMA,308.0,R,PRECIPITATION,Kalikot,29.2,81.9,1905,,1970-10-03,POINT (81.9 29.2)
BIJAYAPUR (RASKOT),309.0,R,PRECIPITATION,Kalikot,29.233333,81.633333,1814,1956-12-01,1973-03-03,POINT (81.633333 29.233333)
DIPAL GAUN,310.0,R,CLIMATOLOGY,Jumla,29.266667,82.216667,2310,,1974-06-03,POINT (82.216667 29.266667)
SIMIKOT,311.0,R,CLIMATOLOGY,Humla,29.966667,81.833333,2800,,1976-05-03,POINT (81.833333 29.966667)
DUNAI,312.0,R,CLIMATOLOGY,Dolpa,28.933333,82.916667,2058,1958-06-01,1973-03-03,POINT (82.916667 28.933333)
DARMA,313.0,R,PRECIPITATION,Humla,29.733333,82.1,1950,,1979-09-03,POINT (82.1 29.733333)
PUSMA CAMP,401.0,R,CLIMATOLOGY,Surkhet,28.883333,81.25,950,1963-03-01,,POINT (81.25 28.883333)
DAILEKH,402.0,R,CLIMATOLOGY,Dailekh,28.85,81.716667,1402,1957-01-01,1973-03-03,POINT (81.716667 28.85)
JAMU(TIKUWA KUNA),403.0,R,PRECIPITATION,Surkhet,28.783333,81.333333,260,1963-05-01,1974-10-03,POINT (81.333333 28.783333)
JAJARKOT,404.0,R,PRECIPITATION,Jajarkot,28.7,82.2,1231,1956-12-01,1973-03-03,POINT (82.2 28.7)
CHISAPANI(KARNALI),405.0,R,CLIMATOLOGY,Bardiya,28.65,81.266667,225,1963-01-01,,POINT (81.266667 28.65)
SURKHET(BIRENDRA NAGAR),406.0,R,SYNOPTIC,Surkhet,28.6,81.616667,720,1957-01-01,,POINT (81.616667 28.6)
KUSUM,407.0,R,PRECIPITATION,Banke,28.016667,82.116667,235,1956-11-01,1973-11-03,POINT (82.116667 28.016667)
GULARIYA,408.0,R,PRECIPITATION,Bardiya,28.166667,81.35,215,1957-01-01,1972-03-03,POINT (81.35 28.166667)
KHAJURA (NEPALGANJ),409.0,R,AGROMETEOROLOGY,Banke,28.1,81.566667,190,,1968-01-03,POINT (81.566667 28.1)
BALE BUDHA,410.0,R,PRECIPITATION,Dailekh,28.783333,81.583333,610,1965-05-01,1974-10-03,POINT (81.583333 28.783333)
RAJAPUR,411.0,R,PRECIPITATION,Bardiya,28.433333,81.1,129,,1971-02-03,POINT (81.1 28.433333)
NAUBASTA,412.0,R,PRECIPITATION,Banke,28.266667,81.716667,135,,1971-02-03,POINT (81.716667 28.266667)
SHYANO SHREE(CHEPANG),413.0,R,PRECIPITATION,Bardiya,28.35,81.7,510,,1971-02-03,POINT (81.7 28.35)
BAIJAPUR,414.0,R,PRECIPITATION,Banke,28.05,81.9,226,,1971-02-03,POINT (81.9 28.05)
BARGADAHA,415.0,R,PRECIPITATION,Bardiya,28.433333,81.35,200,1967-11-01,,POINT (81.35 28.433333)
NEPALGUNJ(REG.OFF.),416.0,R,CLIMATOLOGY,Banke,28.066667,81.616667,144,,1973-02-03,POINT (81.616667 28.066667)
RANI JARUWA NURSERY,417.0,R,CLIMATOLOGY,Bardiya,28.383333,81.35,200,,1975-12-03,POINT (81.35 28.383333)
MAINA GAUN (D.BAS),418.0,R,PRECIPITATION,Jajarkot,28.983333,82.283333,2000,,1975-05-03,POINT (82.283333 28.983333)
SIKTA,419.0,R,AGROMETEOROLOGY,Banke,28.033333,81.783333,195,,1978-05-03,POINT (81.783333 28.033333)
NEPALGUNJ AIRPORT,420.0,R,AERONATICAL,Banke,28.1,81.666667,165,,1996-05-03,POINT (81.666667 28.1)
RUKUMKOT,501.0,R,PRECIPITATION,Rukum,28.6,82.633333,1560,1957-07-01,1976-04-03,POINT (82.633333 28.6)
SHERA GAUN,502.0,R,PRECIPITATION,Rukum,28.583333,82.816667,2150,1957-07-01,1973-03-03,POINT (82.816667 28.583333)
LIBANG GAUN,504.0,R,PRECIPITATION,Rolpa,28.3,82.633333,1270,1957-07-01,1973-03-03,POINT (82.633333 28.3)
BIJUWAR TAR,505.0,R,PRECIPITATION,Pyuthan,28.1,82.866667,823,1957-08-01,1973-03-03,POINT (82.866667 28.1)
NAYABASTI (DANG),507.0,R,PRECIPITATION,Dang,28.216667,82.116667,698,,1970-12-03,POINT (82.116667 28.216667)
TULSIPUR,508.0,R,CLIMATOLOGY,Dang,28.133333,82.3,725,,1970-12-03,POINT (82.3 28.133333)
GHORAHI (MASINA),509.0,R,PRECIPITATION,Dang,28.05,82.5,725,,1970-12-03,POINT (82.5 28.05)
KOILABAS,510.0,R,PRECIPITATION,Dang,27.7,82.533333,320,,1971-02-03,POINT (82.533333 27.7)
SALYAN BAZAR,511.0,R,CLIMATOLOGY,Salyan,28.383333,82.166667,1457,1956-11-01,1971-11-03,POINT (82.166667 28.383333)
LUWAMJULA BAZAR,512.0,R,PRECIPITATION,Salyan,28.3,82.283333,885,,1971-11-03,POINT (82.283333 28.3)
CHAUR JHARI TAR,513.0,R,CLIMATOLOGY,Rukum,28.633333,82.2,910,,1975-06-03,POINT (82.2 28.633333)
MUSIKOT(RUKUMKOT),514.0,R,CLIMATOLOGY,Rukum,28.633333,82.483333,2100,,1973-07-03,POINT (82.483333 28.633333)
GHORAI (DANG),515.0,R,SYNOPTIC,Dang,28.05,82.5,634,,1989-07-03,POINT (82.5 28.05)
JOMSOM,601.0,N,CLIMATOLOGY,Mustang,28.783333,83.716667,2744,1957-07-01,1972-10-03,POINT (83.716667 28.783333)
THAKMARPHA,604.0,N,AGROMETEOROLOGY,Mustang,28.75,83.7,2566,,1966-12-03,POINT (83.7 28.75)
BAGLUNG,605.0,N,CLIMATOLOGY,Baglung,28.266667,83.6,984,,1969-05-03,POINT (83.6 28.266667)
TATOPANI,606.0,N,PRECIPITATION,Myagdi,28.483333,83.65,1243,,1969-05-03,POINT (83.65 28.483333)
LETE,607.0,N,CLIMATOLOGY,Mustang,28.633333,83.6,2384,,1969-05-03,POINT (83.6 28.633333)
RANIPAUWA (M.NATH),608.0,N,PRECIPITATION,Mustang,28.816667,83.883333,3609,,1969-05-03,POINT (83.883333 28.816667)
BENI BAZAR,609.0,N,CLIMATOLOGY,Myagdi,28.35,83.566667,835,1956-02-01,1972-11-03,POINT (83.566667 28.35)
GHAMI (MUSTANG),610.0,N,PRECIPITATION,Mustang,29.05,83.883333,3465,,1972-11-03,POINT (83.883333 29.05)
MUSTANG(LOMANGTHANG),612.0,N,CLIMATOLOGY,Mustang,29.183333,83.966667,3705,,1973-09-03,POINT (83.966667 29.183333)
KARKI NETA,613.0,N,PRECIPITATION,Parbat,28.183333,83.75,1720,,1977-02-03,POINT (83.75 28.183333)
KUSHMA,614.0,N,CLIMATOLOGY,Parbat,28.216667,83.7,891,,1969-05-03,POINT (83.7 28.216667)
BOBANG,615.0,N,PRECIPITATION,Baglung,28.4,83.1,2273,,1977-12-03,POINT (83.1 28.4)
GURJA KHANI,616.0,N,CLIMATOLOGY,Myagdi,28.6,83.216667,2530,,1978-12-03,POINT (83.216667 28.6)
GHOREPANI,619.0,N,PRECIPITATION,Myagdi,28.4,83.733333,2742,,1975-03-03,POINT (83.733333 28.4)
TRIBENI,620.0,N,PRECIPITATION,Parbat,28.033333,83.65,700,,1989-02-03,POINT (83.65 28.033333)
DARBANG,621.0,N,PRECIPITATION,Myagdi,28.383333,83.4,1160,,1989-02-03,POINT (83.4 28.383333)
RANGKHANI,622.0,N,PRECIPITATION,Baglung,28.15,83.566667,1740,,1989-01-03,POINT (83.566667 28.15)
DHIEE,623.0,N,PRECIPITATION,Mustang,29.1,84.0,3620,1992-04-01,,POINT (84 29.1)
SAMAR GAUN,624.0,N,PRECIPITATION,Mustang,28.966667,83.783333,3570,1992-04-01,,POINT (83.783333 28.966667)
SANDA,625.0,N,PRECIPITATION,Mustang,28.9,83.683333,3570,1992-04-01,,POINT (83.683333 28.9)
BEGA,626.0,N,PRECIPITATION,Myagdi,28.466667,83.6,1770,1992-04-01,,POINT (83.6 28.466667)
KUHUN,627.0,N,PRECIPITATION,Myagdi,28.383333,83.483333,1550,1992-04-01,,POINT (83.483333 28.383333)
MUNA,628.0,N,PRECIPITATION,Myagdi,28.5,83.3,1970,1992-04-01,,POINT (83.3 28.5)
BAGHARA,629.0,N,PRECIPITATION,Myagdi,28.566667,83.383333,2330,1992-04-01,,POINT (83.383333 28.566667)
SIRKON,630.0,N,PRECIPITATION,Parbat,28.133333,83.616667,790,1992-04-01,,POINT (83.616667 28.133333)
CHHOSER,633.0,N,CLIMATOLOGY,Mustang,29.183333,83.983333,3870,,2018-06-07,POINT (83.983333 29.183333)
RIDI BAZAR,701.0,N,PRECIPITATION,Gulmi,27.95,83.433333,442,1956-07-01,1971-12-03,POINT (83.433333 27.95)
TANSEN,702.0,R,CLIMATOLOGY,Palpa,27.866667,83.533333,1067,1956-07-01,1971-12-03,POINT (83.533333 27.866667)
BUTWAL,703.0,R,CLIMATOLOGY,Rupandehi,27.7,83.466667,205,1956-07-01,1971-12-03,POINT (83.466667 27.7)
BELUWA (GIRWARI),704.0,N,PRECIPITATION,Nawalparasi,27.683333,84.05,150,1957-02-01,1971-04-03,POINT (84.05 27.683333)
BHAIRAHAWA AIRPORT,705.0,R,AERONATICAL,Rupandehi,27.516667,83.433333,109,,1966-09-03,POINT (83.433333 27.516667)
DUMKAULI,706.0,N,AGROMETEOROLOGY,Nawalparasi,27.683333,84.216667,154,1965-10-01,1974-01-03,POINT (84.216667 27.683333)
BHAIRAHAWA (AGRIC),707.0,R,AGROMETEOROLOGY,Rupandehi,27.533333,83.466667,120,,1968-01-03,POINT (83.466667 27.533333)
PARASI,708.0,R,PRECIPITATION,Nawalparasi,27.533333,83.666667,125,1971-05-01,1976-01-03,POINT (83.666667 27.533333)
DUMKIBAS,710.0,N,PRECIPITATION,Nawalparasi,27.583333,83.866667,164,1970-05-01,1974-01-03,POINT (83.866667 27.583333)
KHANCHIKOT,715.0,R,CLIMATOLOGY,Arghakhanchi,27.933333,83.15,1760,,,POINT (83.15 27.933333)
TAULIHAWA,716.0,R,CLIMATOLOGY,Kapilbastu,27.55,83.066667,94,,1970-11-03,POINT (83.066667 27.55)
PATTHARKOT (WEST),721.0,R,PRECIPITATION,Kapilbastu,27.766667,83.05,200,,1973-03-03,POINT (83.05 27.766667)
MUSIKOT,722.0,N,PRECIPITATION,Gulmi,28.166667,83.266667,1280,1956-06-01,1971-12-03,POINT (83.266667 28.166667)
BHAGWANPUR,723.0,R,PRECIPITATION,Kapilbastu,27.683333,82.8,80,,1975-01-03,POINT (82.8 27.683333)
TAMGHAS,725.0,N,CLIMATOLOGY,Gulmi,28.066667,83.25,1530,,1979-11-03,POINT (83.25 28.066667)
GARAKOT,726.0,N,PRECIPITATION,Palpa,27.866667,83.8,500,,1979-11-03,POINT (83.8 27.866667)
LUMBINI MANDIR,727.0,R,CLIMATOLOGY,Rupandehi,27.466667,83.283333,95,,1980-10-03,POINT (83.283333 27.466667)
SIMARI,728.0,R,CLIMATOLOGY,Nawalparasi,27.533333,83.75,154,,1981-04-03,POINT (83.75 27.533333)
SITAPUR(NEPANEY),730.0,R,PRECIPITATION,Arghakhanchi,27.9,83.15,1201,,2000-12-03,POINT (83.15 27.9)
JAGAT (SETIBAS),801.0,N,PRECIPITATION,Gorkha,28.366667,84.9,1334,1957-07-01,1971-11-03,POINT (84.9 28.366667)
KHUDI BAZAR,802.0,N,CLIMATOLOGY,Lamjung,28.283333,84.366667,823,1957-07-01,1971-11-03,POINT (84.366667 28.283333)
POKHARA AIRPORT,804.0,N,AERONATICAL,Kaski,28.216667,84.0,827,,1965-10-03,POINT (84 28.216667)
SYANGJA,805.0,N,CLIMATOLOGY,Syangia,28.1,83.883333,868,,1972-11-03,POINT (83.883333 28.1)
LARKE SAMDO,806.0,N,PRECIPITATION,Gorkha,28.666667,84.616667,3650,,1978-06-03,POINT (84.616667 28.666667)
KUNCHHA,807.0,N,PRECIPITATION,Lamiung,28.133333,84.35,855,1956-06-01,1971-11-03,POINT (84.35 28.133333)
BANDIPUR,808.0,N,CLIMATOLOGY,Tanahun,27.933333,84.416667,965,1956-06-01,1971-11-03,POINT (84.416667 27.933333)
GORKHA,809.0,N,AGROMETEOROLOGY,Gorkha,28.0,84.616667,1097,1956-06-01,1971-11-03,POINT (84.616667 28)
CHAPKOT,810.0,N,CLIMATOLOGY,Syangja,27.883333,83.816667,460,1957-02-01,1972-01-03,POINT (83.816667 27.883333)
MALEPATAN(POKHARA),811.0,N,AGROMETEOROLOGY,Kaski,28.116667,84.116667,856,,1966-04-03,POINT (84.116667 28.116667)
BHADAURE DEURALI,813.0,N,PRECIPITATION,Kaski,28.266667,83.816667,1600,,1969-05-03,POINT (83.816667 28.266667)
LUMLE,814.0,N,AGROMETEOROLOGY,Kaski,28.3,83.8,1740,,1969-11-03,POINT (83.8 28.3)
KHAIRINI TAR,815.0,N,AGROMETEOROLOGY,Tanahun,28.033333,84.1,500,1969-03-01,1974-07-03,POINT (84.1 28.033333)
CHAME,816.0,N,CLIMATOLOGY,Manang,28.55,84.233333,2680,,1974-07-03,POINT (84.233333 28.55)
DAMAULI,817.0,N,CLIMATOLOGY,Tanahun,27.966667,84.283333,358,1974-01-01,1974-07-03,POINT (84.283333 27.966667)
LAMACHAUR,818.0,N,PRECIPITATION,Kaski,28.266667,83.966667,1070,1972-01-01,1972-07-03,POINT (83.966667 28.266667)
MANANG BHOT,820.0,N,CLIMATOLOGY,Manang,28.666667,84.016667,3420,,1975-06-03,POINT (84.016667 28.666667)
GHANDRUK,821.0,N,PRECIPITATION,Kaski,28.383333,83.8,1960,,1976-05-03,POINT (83.8 28.383333)
GHAREDHUNGA,823.0,N,PRECIPITATION,Lamjung,28.2,84.616667,1120,,1976-07-03,POINT (84.616667 28.2)
SIKLESH,824.0,N,PRECIPITATION,Kaski,28.366667,84.1,1820,,1977-06-03,POINT (84.1 28.366667)
WALLING,826.0,N,PRECIPITATION,Syangja,27.983333,83.766667,750,,1988-11-03,POINT (83.766667 27.983333)
RUMJAKOT,827.0,N,PRECIPITATION,Tanahun,27.866667,84.133333,660,,1989-05-03,POINT (84.133333 27.866667)
SALLYAN,829.0,N,PRECIPITATION,Kaski,28.266667,83.75,1000,1992-06-01,,POINT (83.75 28.266667)
PAMDUR,830.0,N,PRECIPITATION,Kaski,28.266667,83.783333,1160,1992-06-01,,POINT (83.783333 28.266667)
DANDASWANRA,832.0,N,PRECIPITATION,Syangja,28.083333,83.916667,1432,,1999-05-03,POINT (83.916667 28.083333)
CHHEKAMPAR,833.0,N,PRECIPITATION,Gorkha,28.483333,85.0,3300,,1999-07-03,POINT (85 28.483333)
PHU GAUN,834.0,N,PRECIPITATION,Manang,28.766667,84.283333,4100,,2018-07-04,POINT (84.283333 28.766667)
POKHARA REG.OFF.,866.0,N,CLIMATOLOGY,Kaski,28.216667,83.983333,827,,2018-03-07,POINT (83.983333 28.216667)
RAMPUR,902.0,N,AGROMETEOROLOGY,Chitawan,27.616667,84.416667,256,,1967-01-03,POINT (84.416667 27.616667)
JHAWANI,903.0,N,PRECIPITATION,Chitawan,27.583333,84.533333,270,1957-02-01,1971-12-03,POINT (84.533333 27.583333)
CHISAPANI GADHI,904.0,B,PRECIPITATION,Makwanpur,27.55,85.133333,1706,1956-05-01,1971-12-03,POINT (85.133333 27.55)
DAMAN,905.0,B,CLIMATOLOGY,Makwanpur,27.6,85.083333,2314,1965-09-01,1971-05-03,POINT (85.083333 27.6)
HETAUNDA N.F.I.,906.0,N,CLIMATOLOGY,Makwanpur,27.416667,85.05,474,,1966-08-03,POINT (85.05 27.416667)
AMLEKHGANJ,907.0,B,PRECIPITATION,Bara,27.283333,85.0,396,1955-06-01,1971-12-03,POINT (85 27.283333)
SIMARA AIRPORT,909.0,B,AERONATICAL,Bara,27.166667,84.983333,130,,1965-09-03,POINT (84.983333 27.166667)
NIJGADH,910.0,B,PRECIPITATION,Bara,27.183333,85.166667,244,1955-06-01,1971-12-03,POINT (85.166667 27.183333)
PARWANIPUR,911.0,B,AGROMETEOROLOGY,Bara,27.066667,84.966667,115,,1967-01-03,POINT (84.966667 27.066667)
RAMOLI BAIRIYA,912.0,B,PRECIPITATION,Routahat,27.016667,85.383333,152,1956-01-01,1971-12-03,POINT (85.383333 27.016667)
MARKHU GAUN,915.0,B,PRECIPITATION,Makwanpur,27.616667,85.15,1530,,1971-12-03,POINT (85.15 27.616667)
BIRGANJ,918.0,B,PRECIPITATION,Parsa,27.0,84.866667,91,,1974-02-03,POINT (84.866667 27)
MAKWANPUR GADHI,919.0,B,PRECIPITATION,Makwanpur,27.416667,85.166667,1030,,1974-12-03,POINT (85.166667 27.416667)
BELUWA(MANAHARI),920.0,N,PRECIPITATION,Makwanpur,27.55,84.816667,274,,1974-12-03,POINT (84.816667 27.55)
KALAIYA,921.0,B,PRECIPITATION,Bara,27.033333,85.0,140,,1976-02-03,POINT (85 27.033333)
GAUR,922.0,B,CLIMATOLOGY,Routahat,26.766667,85.3,90,,1983-03-03,POINT (85.3 26.766667)
KOLBHI,923.0,B,PRECIPITATION,Bara,26.916667,85.016667,109,1992-04-01,,POINT (85.016667 26.916667)
CHYUNTAHA,924.0,B,PRECIPITATION,Bara,26.95,85.133333,86,1992-04-01,,POINT (85.133333 26.95)
RAJAIYA,925.0,N,PRECIPITATION,Makwanpur,27.433333,84.983333,332,,1991-06-03,POINT (84.983333 27.433333)
BHARATPUR,927.0,N,CLIMATOLOGY,Chitawan,27.666667,84.433333,205,,2018-01-03,POINT (84.433333 27.666667)
TIMURE,1001.0,N,CLIMATOLOGY,Rasuwa,28.283333,85.383333,1900,1956-06-01,1971-11-03,POINT (85.383333 28.283333)
ARU GHAT D.BAZAR,1002.0,N,PRECIPITATION,Dhading,28.05,84.816667,518,1957-06-01,1971-11-03,POINT (84.816667 28.05)
NUWAKOT,1004.0,N,CLIMATOLOGY,Nuwakot,27.916667,85.166667,1003,1956-05-01,1971-11-03,POINT (85.166667 27.916667)
DHADING,1005.0,N,PRECIPITATION,Dhading,27.866667,84.933333,1420,1956-05-01,1971-11-03,POINT (84.933333 27.866667)
GUMTHANG,1006.0,K,PRECIPITATION,Sindhupalchok,27.866667,85.866667,2000,1947-07-01,1971-10-03,POINT (85.866667 27.866667)
KAKANI,1007.0,B,AGROMETEOROLOGY,Nuwakot,27.8,85.25,2064,1962-01-01,1971-12-03,POINT (85.25 27.8)
NAWALPUR,1008.0,K,PRECIPITATION,Sindhupalchok,27.8,85.616667,1592,1959-06-01,1971-10-03,POINT (85.616667 27.8)
CHAUTARA,1009.0,K,PRECIPITATION,Sindhupalchok,27.783333,85.716667,1660,1947-07-01,1971-10-03,POINT (85.716667 27.783333)
THANKOT,1015.0,B,PRECIPITATION,Kathmandu,27.683333,85.2,1630,,1966-09-03,POINT (85.2 27.683333)
SARMATHANG,1016.0,K,PRECIPITATION,Sindhupalchok,27.95,85.6,2625,,1970-11-03,POINT (85.6 27.95)
DUBACHAUR,1017.0,K,PRECIPITATION,Sindhupalchok,27.866667,85.566667,1550,,1970-11-03,POINT (85.566667 27.866667)
BAUNEPATI,1018.0,K,PRECIPITATION,Sindhupalchok,27.783333,85.566667,845,,1970-11-03,POINT (85.566667 27.783333)
MANDAN,1020.0,K,PRECIPITATION,Kabhre,27.7,85.65,1365,1947-07-01,1971-10-03,POINT (85.65 27.7)
GODAVARI,1022.0,B,CLIMATOLOGY,Lalitpur,27.583333,85.4,1400,1952-05-01,1972-03-03,POINT (85.4 27.583333)
DOLAL GHAT,1023.0,K,PRECIPITATION,Kabhre,27.633333,85.716667,710,1947-07-01,1971-10-03,POINT (85.716667 27.633333)
DHULIKHEL,1024.0,K,CLIMATOLOGY,Kabhre,27.616667,85.55,1552,1947-06-01,1971-11-03,POINT (85.55 27.616667)
DHAP,1025.0,K,PRECIPITATION,Sindhupalchok,27.916667,85.633333,1240,,1976-12-03,POINT (85.633333 27.916667)
BAHRABISE,1027.0,K,CLIMATOLOGY,Sindhupalchok,27.783333,85.9,1220,1965-12-01,1973-09-03,POINT (85.9 27.783333)
PACHUWAR GHAT,1028.0,K,PRECIPITATION,Kabhre,27.566667,85.75,633,1966-01-01,,POINT (85.75 27.566667)
KHUMALTAR,1029.0,B,AGROMETEOROLOGY,Lalitpur,27.666667,85.333333,1350,,1967-05-03,POINT (85.333333 27.666667)
KATHMANDU AIRPORT,1030.0,B,AERONATICAL,Kathmandu,27.7,85.366667,1337,1949-01-01,1967-09-03,POINT (85.366667 27.7)
SANKHU,1035.0,B,PRECIPITATION,Kathmandu,27.75,85.483333,1449,,1970-09-03,POINT (85.483333 27.75)
PANCHKHAL,1036.0,K,CLIMATOLOGY,Kabhre,27.683333,85.633333,865,,1970-11-03,POINT (85.633333 27.683333)
DHUNIBESI,1038.0,B,CLIMATOLOGY,Dhading,27.716667,85.183333,1085,,1971-04-03,POINT (85.183333 27.716667)
PANIPOKHARI(KATHMANDU),1039.0,B,CLIMATOLOGY,Kathmandu,27.733333,85.333333,1335,1971-04-01,1973-07-03,POINT (85.333333 27.733333)
NAGARKOT,1043.0,B,CLIMATOLOGY,Bhaktapur,27.7,85.516667,2163,1971-05-01,1972-06-03,POINT (85.516667 27.7)
KHOPASI(PANAUTI),1049.0,K,PRECIPITATION,Kabhre,27.583333,85.516667,1517,1971-06-01,1972-06-03,POINT (85.516667 27.583333)
BHAKTAPUR,1052.0,B,PRECIPITATION,Bhaktapur,27.666667,85.416667,1330,1971-05-01,1972-06-03,POINT (85.416667 27.666667)
THAMACHIT,1054.0,N,PRECIPITATION,Rasuwa,28.166667,85.316667,1847,,1971-11-03,POINT (85.316667 28.166667)
DHUNCHE,1055.0,N,CLIMATOLOGY,Rasuwa,28.1,85.3,1982,,1971-11-03,POINT (85.3 28.1)
PANSAYAKHOLA,1057.0,N,PRECIPITATION,Nuwakot,28.016667,85.116667,1240,,1973-01-03,POINT (85.116667 28.016667)
TARKE GHYANG,1058.0,K,PRECIPITATION,Sindhupalchok,28.0,85.55,2480,,1974-01-03,POINT (85.55 28)
CHANGU HARAYAN,1059.0,B,CLIMATOLOGY,Bhaktapur,27.7,85.416667,1543,,1974-05-03,POINT (85.416667 27.7)
CHAPA GAUN,1060.0,B,PRECIPITATION,Lalitpur,27.6,85.333333,1448,,1975-10-03,POINT (85.333333 27.6)
SANGACHOK,1062.0,K,PRECIPITATION,Sindhupalchok,27.7,85.716667,1327,,1979-05-03,POINT (85.716667 27.7)
THOKARPA,1063.0,K,PRECIPITATION,Sindhupalchok,27.7,85.783333,1750,,1979-07-03,POINT (85.783333 27.7)
BUDDHANILAKANTHA,1071.0,B,CLIMATOLOGY,Kathmandu,27.783333,85.366667,1350,,1987-02-03,POINT (85.366667 27.783333)
KHOKANA,1073.0,B,CLIMATOLOGY,Lalitpur,27.633333,85.283333,1212,,1991-08-03,POINT (85.283333 27.633333)
SUNDARIJAL,1074.0,B,PRECIPITATION,Kathmandu,27.766667,85.416667,1490,,1993-11-03,POINT (85.416667 27.766667)
LELE,1075.0,B,PRECIPITATION,Lalitpur,27.583333,85.283333,1590,,1994-08-03,POINT (85.283333 27.583333)
NAIKAP,1076.0,B,PRECIPITATION,Kathmandu,27.683333,85.25,1520,,1996-06-03,POINT (85.25 27.683333)
SUNDARIJAL,1077.0,B,PRECIPITATION,Kathmandu,27.75,85.416667,1360,,1995-06-03,POINT (85.416667 27.75)
DHAP,1078.0,K,PRECIPITATION,Sindhupalchok,27.9,85.633333,1310,,1997-03-03,POINT (85.633333 27.9)
NAGARJUN,1079.0,B,PRECIPITATION,Kathmandu,27.75,85.25,1690,,1997-06-03,POINT (85.25 27.75)
TIKATHALI,1080.0,B,PRECIPITATION,Lalitpur,27.65,85.35,1341,,2000-11-03,POINT (85.35 27.65)
JETPURPHEDHI,1081.0,B,PRECIPITATION,Kathmandu,27.783333,85.283333,1320,,2000-05-03,POINT (85.283333 27.783333)
NANGKHEL,1082.0,B,PRECIPITATION,Bhaktapur,27.65,85.466667,1428,,2018-04-04,POINT (85.466667 27.65)
NAGDAHA,1101.0,K,PRECIPITATION,Dolkha,27.683333,86.1,850,,1977-01-03,POINT (86.1 27.683333)
CHARIKOT,1102.0,K,PRECIPITATION,Dolkha,27.666667,86.05,1940,1959-06-01,1971-10-03,POINT (86.05 27.666667)
JIRI,1103.0,K,AGROMETEOROLOGY,Dolkha,27.633333,86.233333,2003,1961-08-01,1965-09-03,POINT (86.233333 27.633333)
MELUNG,1104.0,K,PRECIPITATION,Dolkha,27.516667,86.05,1536,1959-06-01,,POINT (86.05 27.516667)
SINDHULI GADHI,1107.0,K,CLIMATOLOGY,Sindhuli,27.283333,85.966667,1463,1955-06-01,1971-10-03,POINT (85.966667 27.283333)
BAHUN TILPUNG,1108.0,K,PRECIPITATION,Sindhuli,27.183333,86.166667,1417,1958-05-01,1972-02-03,POINT (86.166667 27.183333)
PATTHARKOT(EAST),1109.0,B,PRECIPITATION,Sarlahi,27.083333,85.666667,275,1956-01-01,1972-01-03,POINT (85.666667 27.083333)
TULSI,1110.0,B,PRECIPITATION,Dhanusa,27.033333,85.916667,457,1955-12-01,1973-03-03,POINT (85.916667 27.033333)
JANAKPUR AIRPORT,1111.0,B,CLIMATOLOGY,Dhanusa,26.716667,85.966667,90,,1968-06-03,POINT (85.966667 26.716667)
CHISAPANI BAZAR,1112.0,B,PRECIPITATION,Dhanusa,26.916667,86.166667,165,1955-07-01,1972-01-03,POINT (86.166667 26.916667)
NEPALTHOK,1115.0,K,PRECIPITATION,Sindhuli,27.45,85.816667,1098,1948-04-01,1971-10-03,POINT (85.816667 27.45)
HARIHARPUR GADHI VALLEY,1117.0,B,PRECIPITATION,Sindhuli,27.333333,85.5,250,,1978-03-03,POINT (85.5 27.333333)
MANUSMARA,1118.0,B,CLIMATOLOGY,Sarlahi,26.883333,85.416667,100,,1979-02-03,POINT (85.416667 26.883333)
GAUSALA,1119.0,B,PRECIPITATION,Mahottari,26.883333,85.783333,200,,1979-02-03,POINT (85.783333 26.883333)
MALANGWA,1120.0,B,PRECIPITATION,Sarlahi,26.866667,85.566667,150,,1983-03-03,POINT (85.566667 26.866667)
KARMAIYA,1121.0,B,CLIMATOLOGY,Sarlahi,27.116667,85.466667,131,,1983-08-03,POINT (85.466667 27.116667)
JALESORE,1122.0,B,CLIMATOLOGY,Mahottari,26.65,85.783333,172,,1989-03-03,POINT (85.783333 26.65)
MANTHALI,1123.0,K,PRECIPITATION,Ramechhap,27.466667,86.083333,495,,1992-03-03,POINT (86.083333 27.466667)
KABRE,1124.0,K,AGROMETEOROLOGY,Dolkha,27.633333,86.133333,1755,,2007-05-17,POINT (86.133333 27.633333)
CHAURIKHARK,1202.0,K,PRECIPITATION,Solukhumbu,27.7,86.716667,2619,1948-04-01,1972-11-03,POINT (86.716667 27.7)
PAKARNAS,1203.0,K,PRECIPITATION,Solukhumbu,27.433333,86.566667,1982,1947-12-01,1973-04-03,POINT (86.566667 27.433333)
AISEALUKHARK,1204.0,K,PRECIPITATION,Khotang,27.35,86.75,2143,1948-05-01,1973-06-03,POINT (86.75 27.35)
OKHALDHUNGA,1206.0,K,SYNOPTIC,Okhaldhunga,27.316667,86.5,1720,1947-12-01,1972-05-03,POINT (86.5 27.316667)
MANE BHANJYANG,1207.0,K,PRECIPITATION,Okhaldhunga,27.483333,86.416667,1576,1947-11-01,1973-04-03,POINT (86.416667 27.483333)
KURULE GHAT,1210.0,K,PRECIPITATION,Khotang,27.133333,86.433333,497,1947-12-01,1972-01-03,POINT (86.433333 27.133333)
KHOTANG BAZAR,1211.0,K,PRECIPITATION,Khotang,27.033333,86.833333,1295,1959-05-01,1959-11-03,POINT (86.833333 27.033333)
PHATEPUR,1212.0,K,CLIMATOLOGY,Saptari,26.733333,86.933333,100,,1976-07-03,POINT (86.933333 26.733333)
UDAYAPUR GADHI,1213.0,B,CLIMATOLOGY,Udayapur,26.933333,86.516667,1175,1947-07-01,1972-02-03,POINT (86.516667 26.933333)
LAHAN,1215.0,B,AGROMETEOROLOGY,Siraha,26.733333,86.433333,138,1955-11-01,1972-01-03,POINT (86.433333 26.733333)
SIRAHA,1216.0,B,PRECIPITATION,Siraha,26.65,86.216667,102,1947-06-01,1972-02-03,POINT (86.216667 26.65)
SALLERI,1219.0,K,PRECIPITATION,Solukhumbu,27.5,86.583333,2378,1947-12-01,1973-04-03,POINT (86.583333 27.5)
DIKTEL,1222.0,K,PRECIPITATION,Khotang,27.216667,86.8,1623,,1973-06-03,POINT (86.8 27.216667)
RAJBIRAJ,1223.0,K,CLIMATOLOGY,Saptari,26.55,86.75,91,,1971-12-03,POINT (86.75 26.55)
SIRWA,1224.0,K,PRECIPITATION,Solukhumbu,27.55,86.383333,1662,1959-05-01,1973-03-03,POINT (86.383333 27.55)
BARMAJHIYA,1226.0,K,PRECIPITATION,Saptari,26.6,86.9,85,,1975-09-03,POINT (86.9 26.6)
GAIGHAT,1227.0,K,PRECIPITATION,Udayapur,26.783333,86.716667,152,,,POINT (86.716667 26.783333)
NUM,1301.0,K,CLIMATOLOGY,Sankhuwasabha,27.55,87.283333,1497,1959-06-01,1973-01-03,POINT (87.283333 27.55)
CHAINPUR (EAST),1303.0,K,CLIMATOLOGY,Sankhuwasabha,27.283333,87.333333,1329,1947-07-01,1972-12-03,POINT (87.333333 27.283333)
PAKHRIBAS,1304.0,K,AGROMETEOROLOGY,Dhankuta,27.05,87.283333,1680,1976-01-01,,POINT (87.283333 27.05)
LEGUWA GHAT,1305.0,K,PRECIPITATION,Dhankuta,27.133333,87.283333,410,1947-07-01,1972-12-03,POINT (87.283333 27.133333)
MUNGA,1306.0,K,PRECIPITATION,Dhankuta,27.033333,87.233333,1317,1947-07-01,1972-09-03,POINT (87.233333 27.033333)
DHANKUTA,1307.0,K,SYNOPTIC,Dhankuta,26.983333,87.35,1210,1947-06-01,1971-02-03,POINT (87.35 26.983333)
MUL GHAT,1308.0,K,PRECIPITATION,Dhankuta,26.933333,87.333333,365,1947-06-01,1972-09-03,POINT (87.333333 26.933333)
TRIBENI,1309.0,K,PRECIPITATION,Dhankuta,26.933333,87.15,143,1948-05-01,1972-12-03,POINT (87.15 26.933333)
DHARAN BAZAR,1311.0,K,CLIMATOLOGY,Sunsari,26.816667,87.283333,444,1947-06-01,1972-09-03,POINT (87.283333 26.816667)
HARAINCHA,1312.0,K,PRECIPITATION,Morang,26.616667,87.383333,152,1956-04-01,1972-09-03,POINT (87.383333 26.616667)
TERHATHUM,1314.0,K,CLIMATOLOGY,Terhathum,27.133333,87.55,1633,,1966-05-03,POINT (87.55 27.133333)
CHATARA,1316.0,K,PRECIPITATION,Sunsari,26.816667,87.166667,183,1948-06-01,1972-09-03,POINT (87.166667 26.816667)
CHEPUWA,1317.0,K,PRECIPITATION,Sankhuwasabha,27.766667,87.416667,2590,1959-06-01,1973-11-03,POINT (87.416667 27.766667)
BIRATNAGAR AIRPOART,1319.0,K,AERONATICAL,Morang,26.483333,87.266667,72,,1968-07-03,POINT (87.266667 26.483333)
TARAHARA,1320.0,K,AGROMETEOROLOGY,Sunsari,26.7,87.266667,200,,1968-07-03,POINT (87.266667 26.7)
TUMLINGTAR,1321.0,K,PRECIPITATION,Sankhuwasabha,27.283333,87.216667,303,,1977-05-03,POINT (87.216667 27.283333)
MACHUWAGHAT,1322.0,K,PRECIPITATION,Dhankuta,26.966667,87.166667,158,1948-05-01,1972-12-03,POINT (87.166667 26.966667)
DINGLA,1325.0,K,PRECIPITATION,Bhojpur,27.366667,87.15,1190,1948-05-01,1973-01-03,POINT (87.15 27.366667)
LETANG,1326.0,K,PRECIPITATION,Morang,26.733333,87.5,250,,2018-02-03,POINT (87.5 26.733333)
KHADBARI,1327.0,K,CLIMATOLOGY,Sankhuwasabha,27.35,87.2,1170,,2018-01-09,POINT (87.2 27.35)
LUNGTHUNG,1403.0,K,PRECIPITATION,Taplejung,27.55,87.783333,1780,1947-07-01,1973-11-03,POINT (87.783333 27.55)
TAPLEJUNG,1405.0,K,SYNOPTIC,Taplejung,27.35,87.666667,1732,1947-07-01,1978-05-03,POINT (87.666667 27.35)
MEMENG JAGAT,1406.0,K,PRECIPITATION,Panchther,27.2,87.933333,1830,1947-07-01,1972-12-03,POINT (87.933333 27.2)
ILAM TEA ESTATE,1407.0,K,AGROMETEOROLOGY,Ilam,26.916667,87.9,1300,1956-03-01,1966-06-03,POINT (87.9 26.916667)
DAMAK,1408.0,K,PRECIPITATION,Jhapa,26.666667,87.7,163,1956-03-01,1972-01-03,POINT (87.7 26.666667)
ANARMANI BIRTA,1409.0,K,PRECIPITATION,Jhapa,26.633333,87.983333,122,1956-03-01,1972-01-03,POINT (87.983333 26.633333)
HIMALI GAUN,1410.0,K,PRECIPITATION,Ilam,26.883333,88.033333,1654,,1968-02-03,POINT (88.033333 26.883333)
CHANDRA GADHI,1412.0,K,PRECIPITATION,Jhapa,26.566667,88.05,120,,1971-02-03,POINT (88.05 26.566667)
SANISCHARE,1415.0,K,PRECIPITATION,Jhapa,26.683333,87.966667,168,,1972-01-03,POINT (87.966667 26.683333)
KANYAM TEA ESTATE,1416.0,K,CLIMATOLOGY,Ilam,26.866667,88.066667,1678,,1972-04-03,POINT (88.066667 26.866667)
PHIDIM (PANCHTHER),1419.0,K,CLIMATOLOGY,Panchther,27.15,87.75,1205,,1978-07-03,POINT (87.75 27.15)
DOVAN,1420.0,K,PRECIPITATION,Taplejung,27.35,87.6,763,1947-07-01,1972-12-03,POINT (87.6 27.35)
GAIDA (KANKAI),1421.0,K,AGROMETEOROLOGY,Jhapa,26.583333,87.9,143,,1984-02-03,POINT (87.9 26.583333)
KECHANA,1422.0,K,CLIMATOLOGY,Jhapa,26.4,88.016667,60,,1999-02-03,POINT (88.016667 26.4)
