,Unnamed: 0.2,Unnamed: 0.1,Unnamed: 0,start_date,disno.,historic,classification_key,disaster_group,disaster_subgroup,disaster_type,disaster_subtype,external_ids,event_name,iso,country,subregion,region,location,origin,associated_types,ofda/bha_response,appeal,declaration,aid_contribution_000_us$,magnitude,magnitude_scale,latitude,longitude,river_basin,start_year,start_month,start_day,end_year,end_month,end_day,total_deaths,no._injured,no._affected,no._homeless,total_affected,reconstruction_costs_000_us$,"reconstruction_costs,_adjusted_000_us$",insured_damage_000_us$,"insured_damage,_adjusted_000_us$",total_damage_000_us$,"total_damage,_adjusted_000_us$",cpi,admin_units,entry_date,last_update,end_date
0,0,0,0,1954-08-01,1954-0050-NPL,Yes,nat-hyd-flo-flo,Natural,Hydrological,Flood,Flood (General),,,NPL,Nepal,Southern Asia,Asia,,,,No,No,No,,402.5,Km2,28.35,83.83,,1954,8,1,1954,8,1,60.0,48.0,12474.0,4314.0,7750.0,,,52500000.0,,12500000.0,,8.826944322436862,,2003-07-01,2023-09-25,1954-08-01
1,1,1,1,1963-08-10,1963-0018-NPL,Yes,nat-geo-mmd-lan,Natural,Geophysical,Mass movement (dry),Landslide (dry),,,NPL,Nepal,Southern Asia,Asia,Trisuli,,,No,No,No,,402.5,,28.35,83.83,,1963,8,10,1963,8,10,150.0,48.0,12474.0,4314.0,7750.0,,,52500000.0,,12500000.0,,10.05081018599546,,2003-07-01,2023-09-25,1963-08-10
2,2,2,2,1963-11-01,1963-0033-NPL,Yes,nat-bio-epi-vir,Natural,Biological,Epidemic,Viral disease,,,NPL,Nepal,Southern Asia,Asia,,,,Yes,No,No,,402.5,Vaccinated,28.35,83.83,,1963,11,1,1963,11,1,1000.0,48.0,5000.0,4314.0,5000.0,,,52500000.0,,12500000.0,,10.05081018599546,,2003-07-01,2023-09-25,1963-11-01
3,3,3,3,1964-05-01,1964-9007-NPL,Yes,nat-cli-dro-dro,Natural,Climatological,Drought,Drought,,,NPL,Nepal,Southern Asia,Asia,Mountain areas,,,Yes,No,No,,402.5,Km2,28.35,83.83,,1964,5,1,1964,1,1,65.0,48.0,12474.0,4314.0,7750.0,,,52500000.0,,12500000.0,,10.179352489053484,,2006-08-08,2025-03-06,1964-01-01
4,4,4,4,1966-06-27,1966-0051-NPL,Yes,nat-geo-ear-gro,Natural,Geophysical,Earthquake,Ground movement,,,NPL,Nepal,Southern Asia,Asia,Nepal-India border,,,No,No,No,,6.3,Moment Magnitude,29.706,80.935,,1966,6,27,1966,6,27,80.0,100.0,20000.0,4314.0,20100.0,,,52500000.0,,1000000.0,9387.0,10.652497065501734,,2003-07-01,2023-09-25,1966-06-27
5,5,5,5,1967-01-01,1967-9006-NPL,Yes,nat-cli-dro-dro,Natural,Climatological,Drought,Drought,,,NPL,Nepal,Southern Asia,Asia,Western Montain,,,No,No,No,,402.5,Km2,28.35,83.83,,1967,1,1,1967,1,1,65.0,48.0,12474.0,4314.0,7750.0,,,52500000.0,,12500000.0,,10.947868220219997,,2006-11-24,2025-03-06,1967-01-01
6,6,6,6,1967-09-24,1967-0061-NPL,Yes,nat-bio-epi-bac,Natural,Biological,Epidemic,Bacterial disease,,Bubonic,NPL,Nepal,Southern Asia,Asia,Naura village,,,Yes,No,No,,402.5,,28.35,83.83,,1967,9,24,1967,9,24,17.0,48.0,24.0,4314.0,24.0,,,52500000.0,,12500000.0,,10.947868220219997,,2003-07-01,2023-09-25,1967-09-24
7,7,7,7,1968-10-04,1968-0075-NPL,Yes,nat-hyd-flo-riv,Natural,Hydrological,Flood,Riverine flood,,,NPL,Nepal,Southern Asia,Asia,East,,,Yes,No,No,,402.5,Km2,28.35,83.83,,1968,10,4,1968,10,4,276.0,48.0,1000.0,4314.0,1000.0,,,52500000.0,,300000.0,2628.0,11.415536622304986,,2003-07-01,2023-09-25,1968-10-04
8,8,8,8,1970-08-15,1970-0040-NPL,Yes,nat-hyd-flo-flo,Natural,Hydrological,Flood,Flood (General),,,NPL,Nepal,Southern Asia,Asia,South,,,Yes,No,No,,402.5,Km2,28.35,83.83,,1970,8,15,1970,8,15,350.0,48.0,20000.0,4314.0,20000.0,,,52500000.0,,12500000.0,,12.741968731355533,,2003-07-01,2023-09-25,1970-08-15
9,9,9,9,1970-09-27,1970-0052-NPL,Yes,nat-hyd-mmw-lan,Natural,Hydrological,Mass movement (wet),Landslide (wet),,,NPL,Nepal,Southern Asia,Asia,Lete,,,No,No,No,,402.5,,28.35,83.83,,1970,9,27,1970,9,27,21.0,48.0,12474.0,4314.0,7750.0,,,52500000.0,,12500000.0,,12.741968731355533,,2003-07-01,2023-09-25,1970-09-27
10,10,10,10,1972-01-01,1972-9075-NPL,Yes,nat-cli-dro-dro,Natural,Climatological,Drought,Drought,,,NPL,Nepal,Southern Asia,Asia,Hill area,,,Yes,No,No,,402.5,Km2,28.35,83.83,,1972,1,1,1973,1,1,65.0,48.0,900000.0,4314.0,900000.0,,,52500000.0,,10000000.0,72866.0,13.723806345672616,,2006-11-24,2025-03-06,1973-01-01
11,11,11,11,1972-08-07,1972-0047-NPL,Yes,nat-hyd-mmw-lan,Natural,Hydrological,Mass movement (wet),Landslide (wet),,,NPL,Nepal,Southern Asia,Asia,,,,No,No,No,,402.5,,28.35,83.83,,1972,8,7,1972,8,7,105.0,48.0,12474.0,4314.0,7750.0,,,52500000.0,,12500000.0,,13.723806345672616,,2003-07-01,2023-09-25,1972-08-07
12,12,12,12,1975-08-01,1975-0044-NPL,Yes,nat-hyd-mmw-lan,Natural,Hydrological,Mass movement (wet),Landslide (wet),,,NPL,Nepal,Southern Asia,Asia,Kathmandu,,,Yes,No,No,,402.5,,28.35,83.83,,1975,8,1,1975,8,1,125.0,48.0,75000.0,4314.0,75000.0,,,52500000.0,,12500000.0,,17.66208581569717,,2003-07-01,2023-09-25,1975-08-01
13,13,13,13,1976-06-04,1976-0040-NPL,Yes,nat-hyd-mmw-lan,Natural,Hydrological,Mass movement (wet),Landslide (wet),,,NPL,Nepal,Southern Asia,Asia,Pahire Phedi,,,No,No,No,,402.5,,28.35,83.83,,1976,6,4,1976,6,4,150.0,48.0,12474.0,4314.0,7750.0,,,52500000.0,,12500000.0,,18.67673380425321,,2003-07-01,2023-09-25,1976-06-04
14,14,14,14,1978-07-01,1978-0085-NPL,Yes,nat-hyd-flo-flo,Natural,Hydrological,Flood,Flood (General),,,NPL,Nepal,Southern Asia,Asia,Terai area,,Broken Dam/Burst bank,Yes,No,No,,402.5,Km2,28.35,83.83,,1978,7,1,1978,7,1,130.0,48.0,27000.0,700.0,27748.0,,,52500000.0,,513000.0,2396.0,21.408916985397124,,2003-07-01,2023-09-25,1978-07-01
15,15,15,15,1979-01-01,1979-9131-NPL,Yes,nat-cli-dro-dro,Natural,Climatological,Drought,Drought,,,NPL,Nepal,Southern Asia,Asia,,,,Yes,No,No,,402.5,Km2,28.35,83.83,,1979,1,1,1980,1,1,65.0,48.0,3500000.0,4314.0,3500000.0,,,52500000.0,,12500000.0,,23.81837925463355,,2006-02-13,2025-03-12,1980-01-01
16,16,16,16,1980-07-29,1980-0071-NPL,Yes,nat-geo-ear-gro,Natural,Geophysical,Earthquake,Ground movement,,,NPL,Nepal,Southern Asia,Asia,"Mahakali, Seti, Karnalin Bheri, Rapti zones",,,Yes,No,No,,6.5,Moment Magnitude,29.598,81.092,,1980,7,29,1980,7,29,100.0,5600.0,200000.0,35000.0,240600.0,,,52500000.0,,245000000.0,905878.0,27.04558059505168,,2004-01-22,2023-09-25,1980-07-29
17,17,17,17,1981-07-13,1981-0065-NPL,Yes,nat-hyd-flo-fla,Natural,Hydrological,Flood,Flash flood,,,NPL,Nepal,Southern Asia,Asia,North,,,No,No,No,,402.5,Km2,28.35,83.83,,1981,7,13,1981,7,13,100.0,48.0,12474.0,4314.0,7750.0,,,52500000.0,,12500000.0,,29.840661994805405,,2003-07-01,2023-09-25,1981-07-13
18,18,18,18,1981-09-29,1981-0085-NPL,Yes,nat-hyd-flo-fla,Natural,Hydrological,Flood,Flash flood,,,NPL,Nepal,Southern Asia,Asia,,,,No,No,No,,402.5,Km2,28.35,83.83,,1981,9,29,1981,9,29,650.0,48.0,10000.0,4314.0,10000.0,,,52500000.0,,12500000.0,,29.840661994805405,,2003-07-01,2023-09-25,1981-09-29
19,19,19,19,1982-01-01,1982-0407-NPL,Yes,nat-bio-epi-bac,Natural,Biological,Epidemic,Bacterial disease,,,NPL,Nepal,Southern Asia,Asia,Kathmandu valley,,,No,No,No,,402.5,,28.35,83.83,,1982,1,1,1984,1,1,65.0,48.0,1475.0,4314.0,1475.0,,,52500000.0,,12500000.0,,31.670318746018296,,2005-06-06,2023-09-25,1984-01-01
20,20,20,20,1982-07-03,1982-0354-NPL,Yes,nat-hyd-flo-flo,Natural,Hydrological,Flood,Flood (General),,,NPL,Nepal,Southern Asia,Asia,,,,No,No,No,,402.5,Km2,28.35,83.83,,1982,7,3,1982,7,3,92.0,48.0,12474.0,4314.0,7750.0,,,52500000.0,,12500000.0,,31.670318746018296,,2003-07-01,2023-09-25,1982-07-03
21,21,21,21,1983-01-01,1983-0526-NPL,Yes,nat-hyd-mmw-lan,Natural,Hydrological,Mass movement (wet),Landslide (wet),,,NPL,Nepal,Southern Asia,Asia,,,,No,No,No,,402.5,,28.35,83.83,,1983,1,1,1983,1,1,21.0,48.0,12474.0,4314.0,7750.0,,,52500000.0,,12500000.0,,32.68770482175597,,2003-07-01,2023-09-25,1983-01-01
22,22,22,22,1983-09-01,1983-0114-NPL,Yes,nat-hyd-flo-flo,Natural,Hydrological,Flood,Flood (General),,,NPL,Nepal,Southern Asia,Asia,"Bardia, Kailali, Kanchampur, Dandeldhura, Doti, Accham, Bajura, Bajhang, Darchula districts",,,No,No,No,,402.5,Km2,28.35,83.83,,1983,9,1,1983,9,1,186.0,50.0,200000.0,4314.0,200050.0,,,52500000.0,,10000000.0,30593.0,32.68770482175597,,2003-07-01,2023-09-25,1983-09-01
23,23,23,23,1984-09-01,1984-0075-NPL,Yes,nat-hyd-flo-flo,Natural,Hydrological,Flood,Flood (General),,,NPL,Nepal,Southern Asia,Asia,South,,,No,No,No,,402.5,Km2,28.35,83.83,,1984,9,1,1984,9,1,200.0,48.0,12474.0,4314.0,7750.0,,,52500000.0,,12500000.0,,34.09345589384933,,2003-07-01,2023-09-25,1984-09-01
24,24,24,24,1985-08-01,1985-0092-NPL,Yes,nat-hyd-flo-flo,Natural,Hydrological,Flood,Flood (General),,,NPL,Nepal,Southern Asia,Asia,"Dolakha, Accham, Dhading, Solokhumbo, Bajhang districts",,,No,No,No,,402.5,Km2,28.35,83.83,,1985,8,1,1985,8,1,46.0,57.0,60500.0,2000.0,62557.0,,,52500000.0,,12500000.0,,35.30228249125484,,2003-07-01,2023-09-25,1985-08-01
25,25,25,25,1986-03-20,1986-0210-NPL,Yes,nat-met-sto-sto,Natural,Meteorological,Storm,Storm (General),,,NPL,Nepal,Southern Asia,Asia,Kathmandu Valley,,,No,No,No,,402.5,Kph,28.35,83.83,,1986,3,20,1986,3,20,1.0,48.0,12474.0,4314.0,7750.0,,,52500000.0,,12500000.0,,35.97234376373418,,2003-07-01,2023-09-25,1986-03-20
26,26,26,26,1986-04-06,1986-0224-NPL,Yes,nat-hyd-flo-flo,Natural,Hydrological,Flood,Flood (General),,,NPL,Nepal,Southern Asia,Asia,"Helpa, Marauco, Palpa, Morang, Sunsari",,,No,No,No,,402.5,Km2,28.35,83.83,,1986,4,6,1986,4,6,22.0,48.0,12474.0,4314.0,7750.0,,,52500000.0,,12500000.0,,35.97234376373418,,2003-07-01,2023-09-25,1986-04-06
27,27,27,27,1987-08-01,1987-0320-NPL,Yes,nat-hyd-flo-flo,Natural,Hydrological,Flood,Flood (General),,,NPL,Nepal,Southern Asia,Asia,"Sinhulpalhowk, Nuwakot, Dolakha, Gorkha districts, eastern Terai, Jhapa, Morang, Sunsaro, Saptari, Udayapur",,"Slide (land, mud, snow, rock)",No,No,No,,402.5,Km2,28.35,83.83,"Sunkoshi Basin, Sapta Koshi Basin",1987,8,1,1987,8,1,188.0,48.0,351000.0,4314.0,351000.0,,,52500000.0,,95490000.0,256070.0,37.29056938989661,,2003-07-01,2023-09-25,1987-08-01
28,28,28,28,1988-03-12,1988-0119-NPL,Yes,nat-met-sto-hai,Natural,Meteorological,Storm,Hail,,,NPL,Nepal,Southern Asia,Asia,Kathmandu Valley,,Hail,No,No,No,,402.5,Kph,28.35,83.83,,1988,3,12,1988,3,12,70.0,48.0,12474.0,4314.0,7750.0,,,52500000.0,,12500000.0,,38.81118010779662,,2003-11-16,2023-09-25,1988-03-12
29,29,29,29,1988-07-01,1988-0286-NPL,Yes,nat-hyd-flo-riv,Natural,Hydrological,Flood,Riverine flood,,,NPL,Nepal,Southern Asia,Asia,,,,No,No,No,,402.5,Km2,28.35,83.83,,1988,7,1,1988,7,1,27.0,48.0,12474.0,4314.0,7750.0,,,52500000.0,,12500000.0,,38.81118010779662,,2003-07-01,2023-09-25,1988-07-01
30,30,30,30,1988-08-20,1988-0383-NPL,Yes,nat-geo-ear-gro,Natural,Geophysical,Earthquake,Ground movement,,,NPL,Nepal,Southern Asia,Asia,"Daharam, Dhankuta, Terathum, Panchthar, Ilam, Morang, Bhaktapur",,,Yes,Yes,No,,6.7,Moment Magnitude,26.755,86.616,,1988,8,20,1988,8,20,709.0,1016.0,300000.0,4314.0,301016.0,,,52500000.0,,60000000.0,154595.0,38.81118010779662,,2003-12-19,2023-09-25,1988-08-20
31,31,31,31,1988-09-20,1988-0381-NPL,Yes,nat-hyd-mmw-ava,Natural,Hydrological,Mass movement (wet),Avalanche (wet),,,NPL,Nepal,Southern Asia,Asia,Myagi District,,,No,No,No,,402.5,,28.35,83.83,,1988,9,20,1988,9,20,106.0,48.0,12474.0,4314.0,7750.0,,,52500000.0,,12500000.0,,38.81118010779662,,2003-07-01,2023-09-25,1988-09-20
32,32,32,32,1989-09-12,1989-0463-NPL,Yes,nat-hyd-mmw-lan,Natural,Hydrological,Mass movement (wet),Landslide (wet),,,NPL,Nepal,Southern Asia,Asia,Bhajang district,Heavy rains,,No,No,No,,402.5,,28.35,83.83,,1989,9,12,1989,9,12,49.0,48.0,12474.0,4314.0,7750.0,,,52500000.0,,12500000.0,,40.684599581974986,,2005-04-19,2023-09-25,1989-09-12
33,33,33,33,1990-08-01,1990-0086-NPL,Yes,nat-bio-epi-bac,Natural,Biological,Epidemic,Bacterial disease,,Cholera,NPL,Nepal,Southern Asia,Asia,Katmandu + 11 districts,,,No,No,No,,402.5,,28.35,83.83,,1990,8,1,1990,8,1,150.0,48.0,3800.0,4314.0,3800.0,,,52500000.0,,12500000.0,,42.880732189404064,,2003-07-01,2023-09-25,1990-08-01
34,34,34,34,1990-08-27,1990-0399-NPL,Yes,nat-hyd-flo-riv,Natural,Hydrological,Flood,Riverine flood,,,NPL,Nepal,Southern Asia,Asia,"Chitwan District, Buwal, Jajarkot and Rolpa Districts",Monsoonal rain,,No,No,No,,402.5,Km2,28.35,83.83,,1990,8,27,1990,9,4,30.0,48.0,2500.0,4314.0,2500.0,,,52500000.0,,12500000.0,,42.880732189404064,,2005-12-01,2023-09-25,1990-09-04
35,35,35,35,1991-03-01,1991-0704-NPL,Yes,nat-met-sto-sto,Natural,Meteorological,Storm,Storm (General),,,NPL,Nepal,Southern Asia,Asia,,,,No,No,No,,402.5,Kph,28.35,83.83,,1991,3,1,1991,3,1,6.0,48.0,165.0,4314.0,165.0,,,52500000.0,,12500000.0,,44.6967218406791,,2003-07-01,2023-09-25,1991-03-01
36,36,36,36,1991-03-01,1991-0703-NPL,Yes,nat-hyd-flo-flo,Natural,Hydrological,Flood,Flood (General),,,NPL,Nepal,Southern Asia,Asia,,,,No,No,No,,402.5,Km2,28.35,83.83,,1991,3,1,1991,3,1,51.0,32.0,450.0,4314.0,482.0,,,52500000.0,,12500000.0,,44.6967218406791,,2003-07-01,2023-09-25,1991-03-01
37,37,37,37,1991-06-15,1991-0670-NPL,Yes,nat-bio-epi-dis,Natural,Biological,Epidemic,Infectious disease (General),,Gastroenteritis,NPL,Nepal,Southern Asia,Asia,Katmandu valley,,,No,No,No,,402.5,Vaccinated,28.35,83.83,,1991,6,15,1991,6,15,1334.0,48.0,45341.0,4314.0,45341.0,,,52500000.0,,12500000.0,,44.6967218406791,,2003-07-01,2023-09-25,1991-06-15
38,38,38,38,1992-03-01,1992-0138-NPL,Yes,nat-cli-wil-for,Natural,Climatological,Wildfire,Forest fire,,,NPL,Nepal,Southern Asia,Asia,Terai,,,No,No,No,,402.5,Km2,28.35,83.83,,1992,3,1,1992,3,1,56.0,48.0,12474.0,50000.0,50000.0,,,52500000.0,,6200000.0,13463.0,46.05050370691888,,2003-07-01,2023-09-25,1992-03-01
39,39,39,39,1992-04-01,1992-0257-NPL,Yes,nat-bio-epi-dis,Natural,Biological,Epidemic,Infectious disease (General),,Gastroenteritis,NPL,Nepal,Southern Asia,Asia,Northwestern & Central Regions,,,No,No,No,,402.5,Vaccinated,28.35,83.83,,1992,4,1,1992,4,1,640.0,48.0,50000.0,4314.0,50000.0,,,52500000.0,,12500000.0,,46.05050370691888,,2003-07-01,2023-09-25,1992-04-01
40,40,40,40,1993-07-08,1993-0186-NPL,Yes,nat-hyd-mmw-lan,Natural,Hydrological,Mass movement (wet),Landslide (wet),,,NPL,Nepal,Southern Asia,Asia,Okhaldunga District,,,No,No,No,,402.5,,28.35,83.83,,1993,7,8,1993,7,8,28.0,48.0,12474.0,200.0,200.0,,,52500000.0,,12500000.0,,47.40975396886514,,2003-07-01,2023-09-25,1993-07-08
41,41,41,41,1993-08-23,1993-0052-NPL,Yes,nat-hyd-flo-fla,Natural,Hydrological,Flood,Flash flood,,,NPL,Nepal,Southern Asia,Asia,"Taplejung, Pantchthar, Markwanpur, Sindhuli, Sharlahi, Rautahat, Sirahana, Chitawan, Kavrepalan-chowk",,"Slide (land, mud, snow, rock)",No,Yes,No,,373.0,Km2,28.35,83.83,,1993,8,23,1993,8,23,1048.0,268.0,553000.0,4314.0,553268.0,,,52500000.0,,200000000.0,421854.0,47.40975396886514,,2007-08-14,2023-09-25,1993-08-23
42,42,42,42,1993-10-20,1993-0580-NPL,Yes,nat-geo-ear-gro,Natural,Geophysical,Earthquake,Ground movement,,,NPL,Nepal,Southern Asia,Asia,Northwestern,,,No,No,No,,5.1,Moment Magnitude,28.723,82.28,,1993,10,20,1993,10,20,65.0,55.0,230.0,4314.0,285.0,,,52500000.0,,12500000.0,,47.40975396886514,,2004-03-26,2023-09-25,1993-10-20
43,43,43,43,1995-01-01,1995-0458-NPL,Yes,nat-bio-epi-vir,Natural,Biological,Epidemic,Viral disease,,Encephalitis,NPL,Nepal,Southern Asia,Asia,,,,No,No,No,,402.5,Vaccinated,28.35,83.83,,1995,1,1,1995,1,1,126.0,48.0,772.0,4314.0,772.0,,,52500000.0,,12500000.0,,50.01065675976941,,2005-06-08,2023-09-25,1995-01-01
44,44,44,44,1995-06-10,1995-0104-NPL,Yes,nat-hyd-mmw-lan,Natural,Hydrological,Mass movement (wet),Landslide (wet),,,NPL,Nepal,Southern Asia,Asia,"Baglung, Lamjung, Soluklumbu, Okhaldhunga, Gumil, Arghakhanchi, Dailekh, Rukum, Sankhuwasabha, Dolkha, Kaski, Jajarkot",,,No,No,No,,402.5,,28.35,83.83,,1995,6,10,1995,6,10,85.0,19.0,515.0,4314.0,534.0,,,52500000.0,,12500000.0,,50.01065675976941,,2003-07-01,2023-09-25,1995-06-10
45,45,45,45,1995-06-19,1995-0105-NPL,Yes,nat-hyd-flo-riv,Natural,Hydrological,Flood,Riverine flood,,,NPL,Nepal,Southern Asia,Asia,"Baglung, Lamjung, Solukhumbu, Khotang, Okhaldhunga districts (Khotang Province)",Monsoonal rain,"Slide (land, mud, snow, rock)",No,No,No,,71320.0,Km2,28.35,83.83,,1995,6,19,1995,7,25,140.0,48.0,10000.0,3000.0,13000.0,,,52500000.0,,1200000.0,2399.0,50.01065675976941,,2006-07-11,2023-09-25,1995-07-25
46,46,46,46,1995-11-11,1995-0278-NPL,Yes,nat-hyd-mmw-ava,Natural,Hydrological,Mass movement (wet),Avalanche (wet),,,NPL,Nepal,Southern Asia,Asia,"Manag, Panchathar districts",,,No,No,No,,402.5,,28.35,83.83,,1995,11,11,1995,11,11,95.0,48.0,12474.0,4314.0,7750.0,,,52500000.0,,12500000.0,,50.01065675976941,,2003-07-01,2023-09-25,1995-11-11
47,47,47,47,1996-05-12,1996-0089-NPL,Yes,nat-met-sto-sto,Natural,Meteorological,Storm,Storm (General),,,NPL,Nepal,Southern Asia,Asia,Jhapa District,,,No,No,No,,402.5,Kph,28.35,83.83,,1996,5,12,1996,5,12,20.0,19.0,12474.0,4314.0,19.0,,,52500000.0,,12500000.0,,51.47657574194772,,2005-04-22,2023-09-25,1996-05-12
48,48,48,48,1996-07-12,1996-0107-NPL,Yes,nat-hyd-flo-fla,Natural,Hydrological,Flood,Flash flood,,,NPL,Nepal,Southern Asia,Asia,"Taplejung, Pyuthan, Gulmi, Darchula, Baitadi, Rasuwa, Dhading, Morang, Siraha, Mahottaari, Rautahar, Nawalparasi, Rupandehi, Kapalvastu, Makawanpur, Bankey",,,No,No,No,158.0,60.0,Km2,28.35,83.83,,1996,7,12,1996,7,12,768.0,132.0,137600.0,13650.0,151382.0,,,52500000.0,,12500000.0,,51.47657574194772,,2003-07-01,2023-09-25,1996-07-12
49,49,49,49,1996-09-01,1996-0217-NPL,Yes,nat-bio-epi-vir,Natural,Biological,Epidemic,Viral disease,,Encephalitis,NPL,Nepal,Southern Asia,Asia,Terai Region,,,No,No,No,,402.5,Vaccinated,28.35,83.83,,1996,9,1,1996,9,27,118.0,48.0,697.0,4314.0,697.0,,,52500000.0,,12500000.0,,51.47657574194772,,2005-06-08,2023-09-25,1996-09-27
50,50,50,50,1996-09-06,1996-0469-NPL,Yes,nat-hyd-flo-riv,Natural,Hydrological,Flood,Riverine flood,,,NPL,Nepal,Southern Asia,Asia,Amiko Highway (North),Heavy rains,,No,No,No,,402.5,Km2,28.35,83.83,,1996,9,6,1996,9,13,20.0,48.0,1000.0,4314.0,1000.0,,,52500000.0,,12500000.0,,51.47657574194772,,2005-04-21,2023-09-25,1996-09-13
51,51,51,51,1997-04-15,1997-0508-NPL,Yes,nat-bio-epi-vir,Natural,Biological,Epidemic,Viral disease,,Japanese encephalitis,NPL,Nepal,Southern Asia,Asia,"Bankey district, Bardiya, Jhapa, Chitwan, Rupandehi, Kailali, Nawalparasi, Morang, Surkhet, Dang, Kanchanpur, Makanpur, Gorka, Saptari, Tanahu, Mahotari, Sindhuli, Siraha, Sunsari and Dhanusha",,,No,No,No,,402.5,Vaccinated,28.35,83.83,,1997,4,15,1997,9,26,84.0,48.0,1364.0,4314.0,1364.0,,,52500000.0,,12500000.0,,52.67993394364674,,2005-06-10,2023-09-25,1997-09-26
52,52,52,52,1997-08-10,1997-0171-NPL,Yes,nat-hyd-mmw-lan,Natural,Hydrological,Mass movement (wet),Landslide (wet),,,NPL,Nepal,Southern Asia,Asia,"Level 2 = Sagarmath, Koshi, Mechi",,,No,No,No,,402.5,,28.35,83.83,,1997,8,10,1997,8,10,20.0,48.0,12474.0,4314.0,7750.0,,,52500000.0,,12500000.0,,52.67993394364674,,2003-07-01,2023-09-25,1997-08-10
53,53,53,53,1998-01-01,1998-0270-NPL,Yes,nat-bio-epi-vir,Natural,Biological,Epidemic,Viral disease,,Japanese encephalitis,NPL,Nepal,Southern Asia,Asia,"Biratnagar(city) Morang - Level 2 = Koshi, Nepalgunj (city?) Bankey - Level 2 = Bheril, Bara - Level 2 = Narayani",,,No,No,No,,402.5,Vaccinated,28.35,83.83,,1998,1,1,1998,1,1,52.0,48.0,300.0,4314.0,300.0,,,52500000.0,,12500000.0,,53.497680793485216,,2003-07-01,2023-09-25,1998-01-01
54,54,54,54,1998-03-01,1998-0149-NPL,Yes,nat-bio-epi-vir,Natural,Biological,Epidemic,Viral disease,,Acute respiratory syndrome,NPL,Nepal,Southern Asia,Asia,Hulma District - Level 2 = Karnali,,,No,No,No,,402.5,Vaccinated,28.35,83.83,,1998,3,1,1998,3,1,133.0,48.0,12474.0,4314.0,7750.0,,,52500000.0,,12500000.0,,53.497680793485216,,2003-07-01,2023-09-25,1998-03-01
55,55,55,55,1998-07-04,1998-0221-NPL,Yes,nat-hyd-flo-flo,Natural,Hydrological,Flood,Flood (General),,,NPL,Nepal,Southern Asia,Asia,"Jhapa, Morang, Parsa, Rautahat, Dhading, Rupandehi, Nawalparasi, Tanahu, Chitwan, Baitadi, Panchthar, Parbat, Bara, Gulmi, Banke, Taplejung, Rasuwa, Ilam, Mahottari, Palpa, Makwanpur, Udayapur, Sarlahi, Pyunthan, Darchula districts",,,No,No,No,356.0,405.0,Km2,28.35,83.83,,1998,7,4,1998,8,25,260.0,48.0,20000.0,50000.0,70000.0,,,52500000.0,,22000000.0,41123.0,53.497680793485216,,2007-05-06,2023-09-25,1998-08-25
56,56,56,56,1998-08-28,1998-0282-NPL,Yes,nat-hyd-flo-riv,Natural,Hydrological,Flood,Riverine flood,,,NPL,Nepal,Southern Asia,Asia,Gandaki,Heavy rain,,No,No,No,,400.0,Km2,28.35,83.83,,1998,8,28,1998,8,31,50.0,48.0,12474.0,4314.0,7750.0,,,52500000.0,,5000000.0,9346.0,53.497680793485216,,2007-05-06,2023-09-25,1998-08-31
57,57,57,57,1999-03-01,1999-0156-NPL,Yes,nat-cli-wil-for,Natural,Climatological,Wildfire,Forest fire,,,NPL,Nepal,Southern Asia,Asia,,,,No,No,No,,402.5,Km2,28.35,83.83,,1999,3,1,1999,3,1,32.0,48.0,12474.0,4000.0,4000.0,,,52500000.0,,12500000.0,,54.668220842288505,,2003-07-01,2023-09-25,1999-03-01
58,58,58,58,1999-06-01,1999-0220-NPL,Yes,nat-hyd-flo-riv,Natural,Hydrological,Flood,Riverine flood,,,NPL,Nepal,Southern Asia,Asia,,,,No,No,No,,402.5,Km2,28.35,83.83,,1999,6,1,1999,6,1,170.0,68.0,18000.0,4314.0,18068.0,,,52500000.0,,2000000.0,3658.0,54.668220842288505,,2003-07-01,2023-09-25,1999-06-01
59,59,59,59,1999-07-18,1999-0493-NPL,Yes,nat-bio-epi-vir,Natural,Biological,Epidemic,Viral disease,,Japanese encephalitis,NPL,Nepal,Southern Asia,Asia,Kailali District - Seti Province,,,No,No,No,,402.5,Vaccinated,28.35,83.83,,1999,7,18,1999,7,18,150.0,48.0,944.0,4314.0,944.0,,,52500000.0,,12500000.0,,54.668220842288505,,2003-07-01,2023-09-25,1999-07-18
60,60,60,60,2000-05-01,2000-0858-NPL,No,nat-bio-epi-vir,Natural,Biological,Epidemic,Viral disease,,Encephalitis,NPL,Nepal,Southern Asia,Asia,"Argakhachi, Lalitpur, Morang, Baitadi, Bhojpur, Gorkha, Baglung, Makawanpur, Dailekh, Ilam, Lamjung, Sarlahi, Parsa, Jhapa, Panchthar, Sunsari, Tarahthum, Dolakha, Kailali, Taplejung, Tanahu, Salyan, Kaski, Siraha, Saptari, Rautahat, Dhading, Darchula, Banke districts",,,No,No,No,,402.5,Vaccinated,28.35,83.83,,2000,5,1,2000,5,1,250.0,48.0,12474.0,4314.0,7750.0,,,52500000.0,,12500000.0,,56.51429055927763,,2003-07-01,2023-09-25,2000-05-01
61,61,61,61,2000-06-01,2000-0476-NPL,No,nat-hyd-flo-flo,Natural,Hydrological,Flood,Flood (General),,,NPL,Nepal,Southern Asia,Asia,"Dhading, Lalitpur areas (Bagmati district, Central province), Dolakha, Sarlahi areas (Janakpur district, Central province), Makwanpur, Parsa, Rautahat areas (Narayani district, Central province), Bhojpur, Morang, Sunsari, Terhathum areas (Koshi district, Eastern province), Siraha, Saptari areas (Sagarmatha district, Eastern province), Baitadi, Darchula areas (Mahakali district, Far Western province), Kailali area (Seti district, Far Western province), Banke, Dailekh areas (Bheri district, Mid Western province), Salyan area (Rapti district, Mid Western province), Baglung area (Dhawalagiri district, Western province), Argakhachi area (Lumbini district, Western province), Gorkha, Lamjung, Tanahu, Kaski areas (Gandaki district, Western province), Mechi district (Eastern province)",,,No,No,No,481.0,402.5,Km2,28.35,83.83,,2000,6,1,2000,6,1,144.0,70.0,50000.0,4314.0,50070.0,,,52500000.0,,6300000.0,11148.0,56.51429055927763,"[{""adm2_code"":22351,""adm2_name"":""Bagmati""},{""adm2_code"":22352,""adm2_name"":""Janakpur""},{""adm2_code"":22353,""adm2_name"":""Narayani""},{""adm2_code"":22354,""adm2_name"":""Koshi""},{""adm2_code"":22355,""adm2_name"":""Mechi""},{""adm2_code"":22356,""adm2_name"":""Sagarmatha""},{""adm2_code"":22357,""adm2_name"":""Mahakali""},{""adm2_code"":22358,""adm2_name"":""Seti""},{""adm2_code"":22360,""adm2_name"":""Rapti""},{""adm2_code"":22361,""adm2_name"":""Bheri""},{""adm2_code"":22362,""adm2_name"":""Dhawalagiri""},{""adm2_code"":22363,""adm2_name"":""Gandaki""},{""adm2_code"":22364,""adm2_name"":""Lumbini""}]",2007-04-17,2023-09-25,2000-06-01
62,62,62,62,2000-07-01,2000-0567-NPL,No,nat-bio-epi-vir,Natural,Biological,Epidemic,Viral disease,,Japanese encephalitis,NPL,Nepal,Southern Asia,Asia,,,,No,No,No,,402.5,Vaccinated,28.35,83.83,,2000,7,1,2000,7,1,69.0,48.0,592.0,4314.0,592.0,,,52500000.0,,12500000.0,,56.51429055927763,,2003-07-01,2023-09-25,2000-07-01
63,63,63,63,2001-01-01,2001-0024-NPL,No,nat-bio-epi-vir,Natural,Biological,Epidemic,Viral disease,,Acute respiratory syndrome,NPL,Nepal,Southern Asia,Asia,Laprak village (Gorkha district),,,No,No,No,,402.5,Vaccinated,28.35,83.83,,2001,1,1,2001,1,1,13.0,48.0,12474.0,4314.0,7750.0,,,52500000.0,,12500000.0,,58.11147437438208,,2003-07-01,2023-09-25,2001-01-01
64,64,64,64,2001-06-01,2001-0283-NPL,No,nat-bio-epi-dis,Natural,Biological,Epidemic,Infectious disease (General),,Acute diarrhoel syndrome,NPL,Nepal,Southern Asia,Asia,Doti district,,,No,No,No,,402.5,Vaccinated,28.35,83.83,,2001,6,1,2001,6,1,13.0,48.0,242.0,4314.0,242.0,,,52500000.0,,12500000.0,,58.11147437438208,,2003-07-01,2023-09-25,2001-06-01
65,65,65,65,2001-06-01,2001-0298-NPL,No,nat-hyd-mmw-lan,Natural,Hydrological,Mass movement (wet),Landslide (wet),,,NPL,Nepal,Southern Asia,Asia,"Koshi district (Eastern province), Bagmati, Janakpur districts (Central province), Gandaki, Lumbini districts (Western province), Mahakali district (Far Western province)",,,No,No,No,,402.5,,28.35,83.83,,2001,6,1,2001,6,1,144.0,48.0,21019.0,4314.0,21019.0,,,52500000.0,,12500000.0,,58.11147437438208,"[{""adm2_code"":22351,""adm2_name"":""Bagmati""},{""adm2_code"":22352,""adm2_name"":""Janakpur""},{""adm2_code"":22354,""adm2_name"":""Koshi""},{""adm2_code"":22357,""adm2_name"":""Mahakali""},{""adm2_code"":22363,""adm2_name"":""Gandaki""},{""adm2_code"":22364,""adm2_name"":""Lumbini""}]",2003-07-01,2023-09-25,2001-06-01
66,66,66,66,2002-07-15,2002-0428-NPL,No,nat-hyd-mmw-lan,Natural,Hydrological,Mass movement (wet),Landslide (wet),,,NPL,Nepal,Southern Asia,Asia,"Kathmandu, Kavrepalanchock, Sindhupalchowk, Lalitpur areas (Bagmati district, Central province), Dhanusha, Mahottari areas (Janakpur district, Central province), Chitwan, Makwanpur areas (Narayani district, Central province), Bhojpur, Dhankuta areas (Koshi district, Eastern province), Taplejung area (Mechi district, Eastern province), Khotang area (Sagarmatha district, Eastern province), Syangja area (Gandaki district, Western province)",Monsoon rains,Flood,No,No,No,2336.0,402.5,,28.35,83.83,,2002,7,15,2002,8,15,472.0,105.0,265760.0,4314.0,265865.0,,,52500000.0,,12500000.0,,59.03314407861422,"[{""adm2_code"":22351,""adm2_name"":""Bagmati""},{""adm2_code"":22352,""adm2_name"":""Janakpur""},{""adm2_code"":22353,""adm2_name"":""Narayani""},{""adm2_code"":22354,""adm2_name"":""Koshi""},{""adm2_code"":22355,""adm2_name"":""Mechi""},{""adm2_code"":22356,""adm2_name"":""Sagarmatha""},{""adm2_code"":22363,""adm2_name"":""Gandaki""}]",2005-04-19,2023-09-25,2002-08-15
67,67,67,67,2002-09-27,2002-0634-NPL,No,nat-bio-epi-dis,Natural,Biological,Epidemic,Infectious disease (General),,Unknown,NPL,Nepal,Southern Asia,Asia,Makwanpur,,,No,No,No,,402.5,Vaccinated,28.35,83.83,,2002,9,27,2002,9,27,32.0,48.0,12474.0,4314.0,7750.0,,,52500000.0,,12500000.0,,59.03314407861422,,2003-07-01,2023-09-25,2002-09-27
68,68,68,68,2002-12-01,2002-0831-NPL,No,nat-met-ext-col,Natural,Meteorological,Extreme temperature,Cold wave,,,NPL,Nepal,Southern Asia,Asia,"Bara, Parsa, Rautahat areas (Narayani district, Central province), Dhanusha, Mahottari, Sarlahi areas (Janakpur district, Central province), Banke, Bardiya areas (Bheri district, Mid Western province), Kailali area (Seti district, Far Western province)",,,No,No,No,,0.0,°C,28.35,83.83,,2002,12,1,2002,12,1,60.0,200.0,12474.0,4314.0,200.0,,,52500000.0,,12500000.0,,59.03314407861422,"[{""adm2_code"":22352,""adm2_name"":""Janakpur""},{""adm2_code"":22353,""adm2_name"":""Narayani""},{""adm2_code"":22358,""adm2_name"":""Seti""},{""adm2_code"":22361,""adm2_name"":""Bheri""}]",2003-07-01,2023-09-25,2002-12-01
69,69,69,69,2003-07-03,2003-0341-NPL,No,nat-hyd-flo-riv,Natural,Hydrological,Flood,Riverine flood,,,NPL,Nepal,Southern Asia,Asia,"Baitadi, Kanchanpur areas (Mahakali district, Far Western province), Bajura, Kailali areas (Seti district, Far Western province), Banke, Jajarkot areas (Bheri district, Mid Western province), Humla area (Karnali district, Mid Western province), Dang, Pyuthan, Rukum areas (Rapti district, Mid Western province), Central, Eastern, Western provinces",Monsoon rains,"Slide (land, mud, snow, rock)",No,No,No,85.0,137100.0,Km2,28.35,83.83,"Andheri, Kang, Bairagi, Triyuga",2003,7,3,2003,8,20,239.0,284.0,43395.0,15575.0,59254.0,,,52500000.0,,12500000.0,,60.37325106625937,"[{""adm1_code"":2152,""adm1_name"":""Central""},{""adm1_code"":2153,""adm1_name"":""Eastern""},{""adm1_code"":2156,""adm1_name"":""Western""},{""adm2_code"":22357,""adm2_name"":""Mahakali""},{""adm2_code"":22358,""adm2_name"":""Seti""},{""adm2_code"":22359,""adm2_name"":""Karnali""},{""adm2_code"":22360,""adm2_name"":""Rapti""},{""adm2_code"":22361,""adm2_name"":""Bheri""}]",2005-04-13,2023-09-25,2003-08-20
70,70,70,70,2003-12-15,2003-0636-NPL,No,nat-met-ext-col,Natural,Meteorological,Extreme temperature,Cold wave,,,NPL,Nepal,Southern Asia,Asia,"Central, Eastern, Far Western, Mid Western, Western provinces",,,No,No,No,,402.5,°C,28.35,83.83,,2003,12,15,2004,1,1,48.0,48.0,12474.0,4314.0,7750.0,,,52500000.0,,12500000.0,,60.37325106625937,"[{""adm1_code"":2152,""adm1_name"":""Central""},{""adm1_code"":2153,""adm1_name"":""Eastern""},{""adm1_code"":2154,""adm1_name"":""Far Western""},{""adm1_code"":2155,""adm1_name"":""Mid Western""},{""adm1_code"":2156,""adm1_name"":""Western""}]",2004-01-16,2023-09-25,2004-01-01
71,71,71,71,2004-07-05,2004-0298-NPL,No,nat-hyd-flo-riv,Natural,Hydrological,Flood,Riverine flood,,,NPL,Nepal,Southern Asia,Asia,"Morang, Sunsari areas (Koshi district, Eastern province), Jhapa area (Mechi district, Eastern province), Okhaldhunga, Saptari, Siraha, Udayapur areas (Sagarmatha district, Eastern province), Pyuthan, Dang areas (Rapti district, Mid Western province), Janakpur, Narayani districts (Central province)",Moonson rain,"Slide (land, mud, snow, rock)",Yes,No,No,797.0,37430.0,Km2,28.35,83.83,"Bagmati, Lal Bakaiy, Jhanjh, Tawa, Rapti, Samari, Koshi",2004,7,5,2004,7,13,185.0,15.0,800000.0,4314.0,800015.0,,,52500000.0,,12500000.0,,61.98958593432169,"[{""adm2_code"":22352,""adm2_name"":""Janakpur""},{""adm2_code"":22353,""adm2_name"":""Narayani""},{""adm2_code"":22354,""adm2_name"":""Koshi""},{""adm2_code"":22355,""adm2_name"":""Mechi""},{""adm2_code"":22356,""adm2_name"":""Sagarmatha""},{""adm2_code"":22360,""adm2_name"":""Rapti""}]",2005-12-01,2023-09-25,2004-07-13
72,72,72,72,2005-07-07,2005-0375-NPL,No,nat-hyd-flo-riv,Natural,Hydrological,Flood,Riverine flood,,,NPL,Nepal,Southern Asia,Asia,"Banke area (Bheri district, Mid Western province), Sunsari area (Koshi district, Eastern province)",Monsoonal rain,,No,No,No,,402.5,Km2,28.35,83.83,"Rapti, Bagmati and Lalbakaiya, Saptakosi",2005,7,7,2005,7,27,65.0,48.0,30000.0,4314.0,30000.0,,,52500000.0,,12500000.0,,64.09274025742687,"[{""adm2_code"":22354,""adm2_name"":""Koshi""},{""adm2_code"":22361,""adm2_name"":""Bheri""}]",2005-09-14,2023-09-25,2005-07-27
73,73,73,73,2005-09-24,2005-0556-NPL,No,nat-hyd-flo-riv,Natural,Hydrological,Flood,Riverine flood,,,NPL,Nepal,Southern Asia,Asia,"Kanchanpur, Baitadi, Dadeldhura, Darchula areas (Mahakali district, Far Western province)",Late monsoon rains,"Broken Dam/Burst bank|Slide (land, mud, snow, rock)",No,No,No,,8030.0,Km2,28.35,83.83,"Mahakali, Shirsha, Ragoon",2005,9,24,2005,9,29,51.0,48.0,1600.0,4314.0,1600.0,,,52500000.0,,12500000.0,,64.09274025742687,"[{""adm2_code"":22357,""adm2_name"":""Mahakali""}]",2006-02-28,2023-09-25,2005-09-29
74,74,74,74,2005-10-20,2005-0821-NPL,No,nat-hyd-mmw-ava,Natural,Hydrological,Mass movement (wet),Avalanche (wet),,,NPL,Nepal,Southern Asia,Asia,Gandaki district (Western province),,,No,No,No,,402.5,,28.35,83.83,,2005,10,20,2005,10,20,18.0,48.0,12474.0,4314.0,7750.0,,,52500000.0,,12500000.0,,64.09274025742687,"[{""adm2_code"":22363,""adm2_name"":""Gandaki""}]",2015-06-12,2023-09-25,2005-10-20
75,75,75,75,2006-06-24,2006-0342-NPL,No,nat-hyd-flo-riv,Natural,Hydrological,Flood,Riverine flood,,,NPL,Nepal,Southern Asia,Asia,"Banke area (Bheri district, Mid Western province), Kaski area (Gandaki district, Western province)",Monsoonal rain,,No,No,No,,402.5,Km2,25.62,83.67,,2006,6,24,2006,8,3,65.0,48.0,12474.0,4314.0,7750.0,,,52500000.0,,12500000.0,,66.16033056179792,"[{""adm2_code"":22361,""adm2_name"":""Bheri""},{""adm2_code"":22363,""adm2_name"":""Gandaki""}]",2007-01-06,2023-09-25,2006-08-03
76,76,76,76,2006-07-01,2006-9723-NPL,No,nat-cli-dro-dro,Natural,Climatological,Drought,Drought,,,NPL,Nepal,Southern Asia,Asia,"Mid Western, Far Western provinces",Poor rainfall,,No,No,No,,402.5,Km2,28.35,83.83,,2006,7,1,2006,1,1,65.0,48.0,200000.0,4314.0,200000.0,,,52500000.0,,12500000.0,,66.16033056179792,"[{""adm1_code"":2154,""adm1_name"":""Far Western""},{""adm1_code"":2155,""adm1_name"":""Mid Western""}]",2007-02-15,2023-09-25,2006-01-01
77,77,77,77,2006-08-03,2006-0409-NPL,No,nat-hyd-mmw-lan,Natural,Hydrological,Mass movement (wet),Landslide (wet),,,NPL,Nepal,Southern Asia,Asia,"Yarsa village (Rasuwa area, Bagmati district, Central province)",,,No,No,No,,402.5,,28.35,83.83,,2006,8,3,2006,8,3,10.0,48.0,12474.0,4314.0,7750.0,,,52500000.0,,12500000.0,,66.16033056179792,"[{""adm2_code"":22351,""adm2_name"":""Bagmati""}]",2006-08-03,2023-09-25,2006-08-03
78,78,78,78,2006-08-26,2006-0473-NPL,No,nat-hyd-mmw-lan,Natural,Hydrological,Mass movement (wet),Landslide (wet),GLIDE:FL-2006-000127,,NPL,Nepal,Southern Asia,Asia,"Banke, Bardiya areas (Bheri district, Mid Western province), Achham, Kailali areas (Seti district, Far Western province), Chitwan, Makwanpur areas (Narayani district, Central province), Tanahun area (Gandaki district, Western province), Tehrathum area (Koshi district, Eastern province), Nawalparasi area (Lumbini district, Western province)",Monsoonal rains,Flood,No,No,No,422.0,402.5,,28.69,81.31,,2006,8,26,2006,9,13,147.0,48.0,12474.0,80000.0,80000.0,,,52500000.0,,12500000.0,,66.16033056179792,"[{""adm2_code"":22353,""adm2_name"":""Narayani""},{""adm2_code"":22354,""adm2_name"":""Koshi""},{""adm2_code"":22358,""adm2_name"":""Seti""},{""adm2_code"":22361,""adm2_name"":""Bheri""},{""adm2_code"":22363,""adm2_name"":""Gandaki""},{""adm2_code"":22364,""adm2_name"":""Lumbini""}]",2007-01-07,2025-03-06,2006-09-13
79,79,79,79,2007-07-23,2007-0307-NPL,No,nat-hyd-flo-riv,Natural,Hydrological,Flood,Riverine flood,,,NPL,Nepal,Southern Asia,Asia,"Mahottari, Dhanusha, Sindhuli areas (Janakpur district, Central province), Jhapa area (Mechi district, Eastern province), Sunsari area (Koshi district, Eastern province), Nawalparasi, Gulmi areas (Lumbini district, Western province), Dang area (Rapti district, Mid Western province), Solukhumbu area (Sagarmatha district, Eastern province)",Monsoonal rain,"Slide (land, mud, snow, rock)",Yes,No,No,,56920.0,Km2,27.78,84.08,"Ratu, Bigahi rivers",2007,7,23,2007,10,2,214.0,48.0,640658.0,4314.0,640706.0,,,52500000.0,,2400000.0,3527.0,68.0476738315874,"[{""adm2_code"":22352,""adm2_name"":""Janakpur""},{""adm2_code"":22354,""adm2_name"":""Koshi""},{""adm2_code"":22355,""adm2_name"":""Mechi""},{""adm2_code"":22356,""adm2_name"":""Sagarmatha""},{""adm2_code"":22360,""adm2_name"":""Rapti""},{""adm2_code"":22364,""adm2_name"":""Lumbini""}]",2008-03-11,2023-09-25,2007-10-02
80,80,80,80,2008-07-01,2008-0271-NPL,No,nat-hyd-flo-riv,Natural,Hydrological,Flood,Riverine flood,GLIDE:FL-2008-000104,,NPL,Nepal,Southern Asia,Asia,"Kusaha, Laukahi, Ghuski, Shripur, Haripur, Narsingha, Madhuban, Basantapur villages (Sunsari area, Koshi district, Eastern province), Dadeldhura area (Mahakali district, Far Western province), Siraha area (Sagarmatha district, Eastern province)","Early monsoon, dam break","Broken Dam/Burst bank|Slide (land, mud, snow, rock)",Yes,No,No,,402.5,Km2,28.35,83.83,Saptakoshi river,2008,7,1,2008,8,1,65.0,48.0,70000.0,4314.0,70000.0,,,52500000.0,,29000.0,41.0,70.66008903450533,"[{""adm2_code"":22354,""adm2_name"":""Koshi""},{""adm2_code"":22356,""adm2_name"":""Sagarmatha""},{""adm2_code"":22357,""adm2_name"":""Mahakali""}]",2009-05-27,2023-09-25,2008-08-01
81,81,81,81,2008-09-22,2008-0431-NPL,No,nat-hyd-flo-riv,Natural,Hydrological,Flood,Riverine flood,,,NPL,Nepal,Southern Asia,Asia,"Bardiya, Banke areas (Bheri district, Mid Western province), Dadeldhura, Kanchanpur areas (Mahakali district, Far Western province), Kailali, Doti areas (Seti district, Far Western province), Dang, Salyan areas (Rapti district, Mid Western province),",Heavy rains,"Slide (land, mud, snow, rock)",No,No,No,,168100.0,Km2,28.35,83.83,,2008,9,22,2008,9,29,50.0,3.0,180000.0,4314.0,180003.0,,,52500000.0,,12500000.0,,70.66008903450533,"[{""adm2_code"":22357,""adm2_name"":""Mahakali""},{""adm2_code"":22358,""adm2_name"":""Seti""},{""adm2_code"":22360,""adm2_name"":""Rapti""},{""adm2_code"":22361,""adm2_name"":""Bheri""}]",2009-01-13,2023-09-25,2008-09-29
82,82,82,82,2009-01-01,2009-9660-NPL,No,nat-cli-dro-dro,Natural,Climatological,Drought,Drought,,,NPL,Nepal,Southern Asia,Asia,"Far Western, Mid Western provinces",,Food shortage,Yes,No,No,,402.5,Km2,28.35,83.83,,2009,1,1,2009,1,1,65.0,48.0,303000.0,4314.0,303000.0,,,52500000.0,,12500000.0,,70.40886175693409,"[{""adm1_code"":2154,""adm1_name"":""Far Western""},{""adm1_code"":2155,""adm1_name"":""Mid Western""}]",2010-08-16,2023-09-25,2009-01-01
83,83,83,83,2009-05-01,2009-0259-NPL,No,nat-bio-epi-bac,Natural,Biological,Epidemic,Bacterial disease,,Diarrhoea,NPL,Nepal,Southern Asia,Asia,"Achham, Baitadi, Bahjang, Jumla, Kalikot, Kanchanpur, Pyuthan, Rolpa, Jajarkot, Rukum, Dailekh, Salyan, Doti, Surkhet, Dolpa, Dailekh, Dang, Bajura, Dadeldhura, Makwanpur, Dhading, Kailali, Sarlahi districts",,,No,No,No,,402.5,,28.35,83.83,,2009,5,1,2009,8,23,314.0,48.0,58874.0,4314.0,58874.0,,,52500000.0,,12500000.0,,70.40886175693409,,2009-11-23,2023-09-25,2009-08-23
84,84,84,84,2009-07-26,2009-0608-NPL,No,nat-hyd-flo-riv,Natural,Hydrological,Flood,Riverine flood,,,NPL,Nepal,Southern Asia,Asia,"Takdoo village (Bagmati district, Central province)",Heavy rains,"Slide (land, mud, snow, rock)",No,No,No,,402.5,Km2,28.0,85.71,,2009,7,26,2009,7,28,30.0,48.0,12474.0,4314.0,7750.0,,,52500000.0,,12500000.0,,70.40886175693409,"[{""adm2_code"":22351,""adm2_name"":""Bagmati""}]",2010-03-05,2023-09-25,2009-07-28
85,85,85,85,2009-07-28,2009-0305-NPL,No,nat-hyd-mmw-lan,Natural,Hydrological,Mass movement (wet),Landslide (wet),,,NPL,Nepal,Southern Asia,Asia,"Sankhuwasabha area (Koshi district, Eastern province)",Heavy rains,,No,No,No,,402.5,,28.35,83.83,,2009,7,28,2009,7,28,10.0,48.0,12474.0,4314.0,7750.0,,,52500000.0,,12500000.0,,70.40886175693409,"[{""adm2_code"":22354,""adm2_name"":""Koshi""}]",2009-08-12,2023-09-25,2009-07-28
86,86,86,86,2009-10-04,2009-0434-NPL,No,nat-hyd-flo-riv,Natural,Hydrological,Flood,Riverine flood,GLIDE:FL-2009-000219,,NPL,Nepal,Southern Asia,Asia,"Kanchanpur, Baitadi, Dadeldhura areas (Mahakali district, Far Western province), Kailali, Doti, Achham, Bajhang areas (Seti district, Far Western province), Bardiya, Banke areas (Bheri district, Mid Western province), Dang area (Rapti district, Mid Western province), Myagdi area (Dhawalagiri district, Western province), Jumla, Kalikot areas (Karnali district, Mid Western province)",Heavy rains,"Slide (land, mud, snow, rock)",No,No,No,,129700.0,Km2,29.81,80.76,,2009,10,4,2009,10,12,87.0,62.0,257724.0,4314.0,257786.0,,,5000000.0,7101.0,60000000.0,85217.0,70.40886175693409,"[{""adm2_code"":22357,""adm2_name"":""Mahakali""},{""adm2_code"":22358,""adm2_name"":""Seti""},{""adm2_code"":22359,""adm2_name"":""Karnali""},{""adm2_code"":22360,""adm2_name"":""Rapti""},{""adm2_code"":22361,""adm2_name"":""Bheri""},{""adm2_code"":22362,""adm2_name"":""Dhawalagiri""}]",2010-12-14,2023-09-25,2009-10-12
87,87,87,87,2009-12-01,2009-0595-NPL,No,nat-met-ext-col,Natural,Meteorological,Extreme temperature,Cold wave,GLIDE:CW-2010-000013,,NPL,Nepal,Southern Asia,Asia,"Saptari (Sagarmatha district, Eastern province), Bara (Narayani district, Central province)",,,No,No,No,,402.5,°C,28.35,83.83,,2009,12,1,2010,1,1,18.0,48.0,12474.0,4314.0,7750.0,,,52500000.0,,12500000.0,,70.40886175693409,"[{""adm2_code"":22353,""adm2_name"":""Narayani""},{""adm2_code"":22356,""adm2_name"":""Sagarmatha""}]",2010-01-13,2023-09-25,2010-01-01
88,88,88,88,2010-04-01,2010-0207-NPL,No,nat-bio-epi-bac,Natural,Biological,Epidemic,Bacterial disease,,Diarrhoea outbreak,NPL,Nepal,Southern Asia,Asia,"Sankhuwsava, Saptari, Khotang, Udayapur, Dhanusha, Mahottari, Sariahi, Paesa, Bara, Dolakha, Myagdi, Kapilvastu, Nawalparais, Banke, Humla, Jumla, Mugu, Dolpa, Kalikot, Jajarkot, Doti, Baitadi, Achham, Rautahat, Bajhang, Bajura, Bhojpur, Jhapa, Siraha, Okhaldhunga, Rasuwa, Nuwakot, Chitwan, Ramechap, Rukum, Rolpa, Sindhupalchok, Dhading, Makwanpur, Kavre, Sindhuli, Gorkha, Lamjung, Arghakhanchi, Palpa, Tanahu, Syangja, Taplejung, Parbat, Bardiya, Surkhet, Dailekh, Salyan, Pyuthan, Dang, Dadeldhura, Kailali, Panchthar, Terhathum, Sunsari, Morang, Ilam, Dhankuta, Solukhumbu, Kathmandu, Bhaktapur, Lalitpur, Kaski, Baglung, Manag, Mustang, Rupandehi, Kanchanpur, Darchula, Gulmi districts ( Mid-and far-western regions)",Increase in temperatures and scarcity of safe drinking water,,No,No,No,,402.5,,28.35,83.83,,2010,4,1,2010,12,1,65.0,48.0,3972.0,4314.0,3972.0,,,52500000.0,,12500000.0,,71.56359557518887,,2011-01-21,2023-09-25,2010-12-01
89,89,89,89,2010-07-25,2010-0333-NPL,No,nat-hyd-flo-riv,Natural,Hydrological,Flood,Riverine flood,,,NPL,Nepal,Southern Asia,Asia,"Sunsari area (Koshi district, Eastern province), Rupandehi area (Lumbini district, Western province), Jhapa, Ilam areas (Mechi district, Eastern province), Rautahat area (Narayani district, Central province), Siraha area (Sagarmatha district, Eastern province), Parbat area (Dhawalagiri district, Western province)",Heavy rains,"Slide (land, mud, snow, rock)",No,No,No,,132600.0,Km2,28.35,84.78,,2010,7,25,2010,7,25,12.0,48.0,12474.0,4314.0,7750.0,,,52500000.0,,12500000.0,,71.56359557518887,"[{""adm2_code"":22353,""adm2_name"":""Narayani""},{""adm2_code"":22354,""adm2_name"":""Koshi""},{""adm2_code"":22355,""adm2_name"":""Mechi""},{""adm2_code"":22356,""adm2_name"":""Sagarmatha""},{""adm2_code"":22362,""adm2_name"":""Dhawalagiri""},{""adm2_code"":22364,""adm2_name"":""Lumbini""}]",2010-07-28,2023-09-25,2010-07-25
90,90,90,90,2010-07-28,2010-0434-NPL,No,nat-bio-epi-bac,Natural,Biological,Epidemic,Bacterial disease,,Cholera,NPL,Nepal,Southern Asia,Asia,Nepalgunj,,,No,No,No,,402.5,,28.35,83.83,,2010,7,28,2010,8,14,8.0,48.0,1400.0,4314.0,1400.0,,,52500000.0,,12500000.0,,71.56359557518887,,2010-08-26,2023-09-25,2010-08-14
91,91,91,91,2010-08-21,2010-0452-NPL,No,nat-hyd-flo-riv,Natural,Hydrological,Flood,Riverine flood,,,NPL,Nepal,Southern Asia,Asia,"Sankhuwasabha, Morang, Sunsari areas (Koshi district, Eastern province), Taplegunj, Ilam, Jahpa areas (Mechi district, Eastern province), Udayapur, Saptari areas (Sagarmatha district, Eastern province), Dhading area (Bagmati district, Central province), Sindhuli, Dolakha, Dhanusha, Sarlahi areas (Janakpur district, Central province), Chitwan, Makwanpur, Rautahat, Parsa areas (Narayani district, Central province), Syangja, Kaski, Tanahu areas (Gandaki district, Western province), Baglung, Parbat, Myagdi areas (Dhawalagiri district, Western province), Gulmi, Nawalparasi areas (Lumbini district, Western province), Rukum, Dang, Pyuthan areas (Rapti district, Mid Western province), Bardiya, Banke, Jajarkot, Dailekh areas (Bheri district, Mid Western province), Kalikot, Dolpa areas (Karnali district, Mid Western province), Bajura, Achham, Kailali areas (Seti district, Far Western province), Kanchanpur, Dadeldhura areas (Mahakali district, Far Western province)",Heavy rains,"Broken Dam/Burst bank|Slide (land, mud, snow, rock)",No,No,No,,402.5,Km2,28.35,83.83,Lohandra river,2010,8,21,2010,8,24,138.0,48.0,8000.0,4314.0,8000.0,,,52500000.0,,12500000.0,,71.56359557518887,"[{""adm2_code"":22351,""adm2_name"":""Bagmati""},{""adm2_code"":22352,""adm2_name"":""Janakpur""},{""adm2_code"":22353,""adm2_name"":""Narayani""},{""adm2_code"":22354,""adm2_name"":""Koshi""},{""adm2_code"":22355,""adm2_name"":""Mechi""},{""adm2_code"":22356,""adm2_name"":""Sagarmatha""},{""adm2_code"":22357,""adm2_name"":""Mahakali""},{""adm2_code"":22358,""adm2_name"":""Seti""},{""adm2_code"":22359,""adm2_name"":""Karnali""},{""adm2_code"":22360,""adm2_name"":""Rapti""},{""adm2_code"":22361,""adm2_name"":""Bheri""},{""adm2_code"":22362,""adm2_name"":""Dhawalagiri""},{""adm2_code"":22363,""adm2_name"":""Gandaki""},{""adm2_code"":22364,""adm2_name"":""Lumbini""}]",2011-03-15,2023-09-25,2010-08-24
92,92,92,92,2011-01-11,2011-0641-NPL,No,nat-met-ext-col,Natural,Meteorological,Extreme temperature,Cold wave,,,NPL,Nepal,Southern Asia,Asia,"Kapilvastu, Nawalparasi, Rupandehi areas (Lumbini district, Western province), Parbat area (Dhawalagiri district, Western province), Bhojpur, Dhankuta, Morang, Sankhuwasava, Sunsari areas (Koshi district, Eastern province), Khotang, Saptari, Siraha areas (Sagarmatha district, Eastern province), Jhapa areas (Mechi district, Eastern province), Dhanusha, Mahottari, Sarlahi areas (Janakpur district, Central province), Bara, Chitwan, Parsa, Rautahat areas (Narayani district, Central province), Kanchanpur area (Mahakali district, Far Western province), Kailali area (Seti district, Far Western province), Banke, Bardiya, Dang areas (Bheri district, Mid Western province)",,,No,No,No,,402.5,°C,28.35,83.83,,2011,1,11,2011,1,19,42.0,48.0,12474.0,4314.0,7750.0,,,52500000.0,,123000.0,167.0,73.82275085973603,"[{""adm2_code"":22352,""adm2_name"":""Janakpur""},{""adm2_code"":22353,""adm2_name"":""Narayani""},{""adm2_code"":22354,""adm2_name"":""Koshi""},{""adm2_code"":22355,""adm2_name"":""Mechi""},{""adm2_code"":22356,""adm2_name"":""Sagarmatha""},{""adm2_code"":22357,""adm2_name"":""Mahakali""},{""adm2_code"":22358,""adm2_name"":""Seti""},{""adm2_code"":22361,""adm2_name"":""Bheri""},{""adm2_code"":22362,""adm2_name"":""Dhawalagiri""},{""adm2_code"":22364,""adm2_name"":""Lumbini""}]",2012-04-05,2023-09-25,2011-01-19
93,93,93,93,2011-06-01,2011-0317-NPL,No,nat-hyd-flo-riv,Natural,Hydrological,Flood,Riverine flood,,,NPL,Nepal,Southern Asia,Asia,"Mid Western, Far Western, Central, Eastern provinces",Monsoonal rain,"Slide (land, mud, snow, rock)",No,No,No,,402.5,Km2,28.35,83.83,,2011,6,1,2011,7,1,89.0,32.0,1826.0,4314.0,1858.0,,,52500000.0,,12500000.0,,73.82275085973603,"[{""adm1_code"":2152,""adm1_name"":""Central""},{""adm1_code"":2153,""adm1_name"":""Eastern""},{""adm1_code"":2154,""adm1_name"":""Far Western""},{""adm1_code"":2155,""adm1_name"":""Mid Western""}]",2012-01-05,2023-09-25,2011-07-01
94,94,94,94,2011-07-02,2011-0215-NPL,No,nat-hyd-flo-riv,Natural,Hydrological,Flood,Riverine flood,,,NPL,Nepal,Southern Asia,Asia,"Accham area (Seti district, Far Western province)",Monsoonal rain,,No,No,No,,46388.0,Km2,28.9081,82.28,,2011,7,2,2011,7,19,15.0,48.0,12474.0,4314.0,7750.0,,,52500000.0,,12500000.0,,73.82275085973603,"[{""adm2_code"":22358,""adm2_name"":""Seti""}]",2011-07-20,2023-09-25,2011-07-19
95,95,95,95,2011-07-15,2011-0510-NPL,No,nat-hyd-mmw-lan,Natural,Hydrological,Mass movement (wet),Landslide (wet),,,NPL,Nepal,Southern Asia,Asia,"Rukum area (Rapti district, Mid Western province), Nuwakot area (Bagmati district, Central province)",Heavy rains,,No,No,No,,402.5,,28.35,83.83,,2011,7,15,2011,7,15,16.0,48.0,12474.0,4314.0,7750.0,,,52500000.0,,12500000.0,,73.82275085973603,"[{""adm2_code"":22351,""adm2_name"":""Bagmati""},{""adm2_code"":22360,""adm2_name"":""Rapti""}]",2011-12-13,2023-09-25,2011-07-15
96,96,96,96,2011-07-20,2011-0543-NPL,No,nat-hyd-mmw-lan,Natural,Hydrological,Mass movement (wet),Landslide (wet),,,NPL,Nepal,Southern Asia,Asia,"Narjamandap village (Nuwakot area, Bagmati district, Central province), Rasuwa area (Bagmati district, Central province), Parsyang village (Pokhara Sumetropolis area, Kaski sub-district, Gandaki district, Western province), Khotang area (Sagarmatha district, Eastern province)",Torrential rain,,No,No,No,,402.5,,28.35,83.83,,2011,7,20,2011,7,20,13.0,48.0,12474.0,4314.0,7750.0,,,52500000.0,,12500000.0,,73.82275085973603,"[{""adm2_code"":22351,""adm2_name"":""Bagmati""},{""adm2_code"":22356,""adm2_name"":""Sagarmatha""},{""adm2_code"":22363,""adm2_name"":""Gandaki""}]",2011-12-28,2023-09-25,2011-07-20
97,97,97,97,2011-09-18,2011-0351-NPL,No,nat-geo-ear-gro,Natural,Geophysical,Earthquake,Ground movement,GLIDE:EQ-2011-000136|USGS:usp000j88b,,NPL,Nepal,Southern Asia,Asia,"Lamjung, Syangja areas (Gandaki district, Western province), Dolakha, Ramechhap areas (Janakpur district, Central province), Khotang, Solukhumbu areas (Sagarmatha district, Eastern province), Mechi, Koshi districts (Eastern province), Bagmati district (Central province)",,,No,No,No,,6.9,Moment Magnitude,27.73,88.155,,2011,9,18,2011,9,18,7.0,89.0,167860.0,4314.0,167949.0,,,52500000.0,,12500000.0,,73.82275085973603,"[{""adm2_code"":22351,""adm2_name"":""Bagmati""},{""adm2_code"":22352,""adm2_name"":""Janakpur""},{""adm2_code"":22354,""adm2_name"":""Koshi""},{""adm2_code"":22355,""adm2_name"":""Mechi""},{""adm2_code"":22356,""adm2_name"":""Sagarmatha""},{""adm2_code"":22363,""adm2_name"":""Gandaki""}]",2012-07-17,2023-09-25,2011-09-18
98,98,98,98,2011-12-01,2011-0627-NPL,No,nat-met-ext-col,Natural,Meteorological,Extreme temperature,Cold wave,GLIDE:CW-2011-000203,,NPL,Nepal,Southern Asia,Asia,"Taplejung, Ilam, Panchthar (Mechi district, Eastern province), Bhojpur, Sankhuwasava, Dhankuta, Tehrathum (Koshi district, Eastern province), Khotang, Solukhumbu (Sagarmatha district, Eastern province)",,,No,No,No,,402.5,°C,28.35,83.83,,2011,12,1,2012,1,1,65.0,48.0,25000.0,4314.0,25000.0,,,52500000.0,,12500000.0,,73.82275085973603,"[{""adm2_code"":22354,""adm2_name"":""Koshi""},{""adm2_code"":22355,""adm2_name"":""Mechi""},{""adm2_code"":22356,""adm2_name"":""Sagarmatha""}]",2012-04-25,2023-09-25,2012-01-01
99,99,99,99,2012-05-05,2012-0186-NPL,No,nat-hyd-flo-riv,Natural,Hydrological,Flood,Riverine flood,,,NPL,Nepal,Southern Asia,Asia,"Kaski area (Gandaki district, Western province)",,,No,No,No,,4395.0,Km2,28.524,83.83,Seti river,2012,5,5,2012,5,7,72.0,5.0,12474.0,4314.0,5.0,,,52500000.0,,1000000.0,1327.0,75.35038570469574,"[{""adm2_code"":22363,""adm2_name"":""Gandaki""}]",2013-03-27,2023-09-25,2012-05-07
100,100,100,100,2012-09-23,2012-0589-NPL,No,nat-hyd-mmw-ava,Natural,Hydrological,Mass movement (wet),Avalanche (wet),,,NPL,Nepal,Southern Asia,Asia,Gandaki district (Western province),,,No,No,No,,402.5,,28.35,83.83,,2012,9,23,2012,9,23,11.0,48.0,12474.0,4314.0,7750.0,,,52500000.0,,12500000.0,,75.35038570469574,"[{""adm2_code"":22363,""adm2_name"":""Gandaki""}]",2013-02-06,2023-09-25,2012-09-23
101,101,101,101,2013-01-01,2012-0509-NPL,No,nat-met-ext-col,Natural,Meteorological,Extreme temperature,Cold wave,GLIDE:CW-2013-000001,,NPL,Nepal,Southern Asia,Asia,"Central, Eastern, Far Western, Mid Western, Western provinces",,,No,No,No,,402.5,°C,28.35,83.83,,2013,1,1,2013,1,20,49.0,48.0,12474.0,4314.0,7750.0,,,52500000.0,,12500000.0,,76.45414598516298,"[{""adm1_code"":2152,""adm1_name"":""Central""},{""adm1_code"":2153,""adm1_name"":""Eastern""},{""adm1_code"":2154,""adm1_name"":""Far Western""},{""adm1_code"":2155,""adm1_name"":""Mid Western""},{""adm1_code"":2156,""adm1_name"":""Western""}]",2013-04-15,2023-09-25,2013-01-20
102,102,102,102,2013-05-25,2013-0456-NPL,No,nat-hyd-flo-riv,Natural,Hydrological,Flood,Riverine flood,GLIDE:FL-2013-000070,,NPL,Nepal,Southern Asia,Asia,"Kathmandu area (Bagmati district, Central province), Sindhuli area (Janakpur district, Central province), Rautahat area (Narayani district, Central province), Dhankuta, Morang, Sunsari areas (Koshi district, Eastern province), Taplejung, Jhapa areas (Mechi district, Eastern province), Okhaldhunga, Saptari, Solukhumbu, Udayapur areas (Sagarmatha district, Eastern province), Baitadi, Dadeldhura, Darchula, Kanchanpur areas (Mahakali district, Far Western province), Achham, Bajhang, Doti, Kailali areas (Seti district, Far Western province), Bardiya, Dailekh areas (Bheri district, Mid Western province), Kalikot, Humla areas (Karnali district, Mid Western province), Dang, Pyuthan, Rolpa areas (Rapti district, Mid Western province), Nawalparasi area (Lumbini district, Western province), Mustang area (Dhawalagiri district, Western province)",Heavy monsoon rains,"Slide (land, mud, snow, rock)",No,No,No,,402.5,Km2,28.35,83.83,,2013,5,25,2013,7,18,76.0,29.0,12474.0,4314.0,12503.0,,,52500000.0,,12500000.0,,76.45414598516298,"[{""adm2_code"":22351,""adm2_name"":""Bagmati""},{""adm2_code"":22352,""adm2_name"":""Janakpur""},{""adm2_code"":22353,""adm2_name"":""Narayani""},{""adm2_code"":22354,""adm2_name"":""Koshi""},{""adm2_code"":22355,""adm2_name"":""Mechi""},{""adm2_code"":22356,""adm2_name"":""Sagarmatha""},{""adm2_code"":22357,""adm2_name"":""Mahakali""},{""adm2_code"":22358,""adm2_name"":""Seti""},{""adm2_code"":22359,""adm2_name"":""Karnali""},{""adm2_code"":22360,""adm2_name"":""Rapti""},{""adm2_code"":22361,""adm2_name"":""Bheri""},{""adm2_code"":22362,""adm2_name"":""Dhawalagiri""},{""adm2_code"":22364,""adm2_name"":""Lumbini""}]",2014-04-07,2023-09-25,2013-07-18
103,103,103,103,2013-07-10,2013-0576-NPL,No,nat-hyd-flo-fla,Natural,Hydrological,Flood,Flash flood,,,NPL,Nepal,Southern Asia,Asia,"Jhapa area (Mechi district, Eastern province), Morang, Sunsari areas (Koshi district, Eastern province), Saptari area (Sagarmatha district, Eastern province), Rautahat area (Narayani district, Central province)",Heavy rains,,No,No,No,,402.5,Km2,28.35,83.83,,2013,7,10,2013,8,31,119.0,6.0,12474.0,4314.0,4320.0,,,52500000.0,,12500000.0,,76.45414598516298,"[{""adm2_code"":22353,""adm2_name"":""Narayani""},{""adm2_code"":22354,""adm2_name"":""Koshi""},{""adm2_code"":22355,""adm2_name"":""Mechi""},{""adm2_code"":22356,""adm2_name"":""Sagarmatha""}]",2014-03-21,2023-09-25,2013-08-31
104,104,104,104,2014-04-18,2014-0124-NPL,No,nat-hyd-mmw-ava,Natural,Hydrological,Mass movement (wet),Avalanche (wet),,,NPL,Nepal,Southern Asia,Asia,Sagarmatha district (Eastern province),,,No,No,No,,402.5,,28.35,83.83,,2014,4,18,2014,4,18,16.0,48.0,12474.0,4314.0,7750.0,,,52500000.0,,12500000.0,,77.69440613455986,"[{""adm2_code"":22356,""adm2_name"":""Sagarmatha""}]",2014-04-22,2023-09-25,2014-04-18
105,105,105,105,2014-07-01,2014-0246-NPL,No,nat-hyd-flo-riv,Natural,Hydrological,Flood,Riverine flood,,,NPL,Nepal,Southern Asia,Asia,"Sindhupalchok, Lalitpur areas (Bagmati district, Central province), Chitwan area (Narayani district, Central province)",Torrential rain,,No,No,No,,11578.0,Km2,28.35,83.83,,2014,7,1,2014,7,14,16.0,48.0,2400.0,4314.0,2400.0,,,52500000.0,,12500000.0,,77.69440613455986,"[{""adm2_code"":22351,""adm2_name"":""Bagmati""},{""adm2_code"":22353,""adm2_name"":""Narayani""}]",2014-07-25,2023-09-25,2014-07-14
106,106,106,106,2014-07-16,2014-0268-NPL,No,nat-hyd-flo-riv,Natural,Hydrological,Flood,Riverine flood,,,NPL,Nepal,Southern Asia,Asia,Far Western province,Excessive rainfall,"Slide (land, mud, snow, rock)",No,No,No,,402.5,Km2,28.35,83.83,Sharda river,2014,7,16,2014,7,22,8.0,48.0,12474.0,4314.0,7750.0,,,52500000.0,,12500000.0,,77.69440613455986,"[{""adm1_code"":2154,""adm1_name"":""Far Western""}]",2014-08-28,2023-09-25,2014-07-22
107,107,107,107,2014-08-02,2014-0296-NPL,No,nat-hyd-mmw-lan,Natural,Hydrological,Mass movement (wet),Landslide (wet),,,NPL,Nepal,Southern Asia,Asia,"Jure, Mankha villages (Sindhupalchowk area, Bagmati district, Central province)",,,Yes,No,No,,402.5,,28.35,83.83,Sunkoshi,2014,8,2,2014,8,2,156.0,48.0,476.0,4314.0,476.0,,,52500000.0,,15000000.0,19306.0,77.69440613455986,"[{""adm2_code"":22351,""adm2_name"":""Bagmati""}]",2014-09-04,2023-09-25,2014-08-02
108,108,108,108,2014-08-11,2014-0272-NPL,No,nat-hyd-flo-flo,Natural,Hydrological,Flood,Flood (General),GLIDE:FL-2014-000112,,NPL,Nepal,Southern Asia,Asia,"Jure, Mankhaa villages (Sindhupalchok area, Bagmati district, Central province), Lalitpur area (Bagmati district, Central province), Surkhet, Banke, Bardiya, Jajarkot areas (Bheri district, Mid Western province), Dang, Salyan, Rukum, Rolpa areas (Rapti district, Mid Western province), Kaski, Gorkha areas (Gandaki district, Western province), Achham area (Seti district, Far Western province), Chitwan area (Narayani district, Central province)",Mosoonal rain,"Epidemic|Slide (land, mud, snow, rock)",No,No,No,,402.5,Km2,28.35,83.83,,2014,8,11,2014,8,25,294.0,149.0,184745.0,4314.0,184894.0,,,52500000.0,,12500000.0,,77.69440613455986,"[{""adm2_code"":22351,""adm2_name"":""Bagmati""},{""adm2_code"":22353,""adm2_name"":""Narayani""},{""adm2_code"":22358,""adm2_name"":""Seti""},{""adm2_code"":22360,""adm2_name"":""Rapti""},{""adm2_code"":22361,""adm2_name"":""Bheri""},{""adm2_code"":22363,""adm2_name"":""Gandaki""}]",2014-08-28,2023-09-25,2014-08-25
109,109,109,109,2014-10-14,2014-0416-NPL,No,nat-met-sto-bli,Natural,Meteorological,Storm,Blizzard/Winter storm,,,NPL,Nepal,Southern Asia,Asia,"Manang area (Gandaki district, Western province), Mustang area (Dhawalagiri district, Western province)",Remnant low pressure system of cyclone Hudhud,"Avalanche (Snow, Debris)|Snow/ice",No,No,No,,402.5,Kph,28.35,83.83,,2014,10,14,2014,10,14,83.0,175.0,12474.0,4314.0,175.0,,,52500000.0,,12500000.0,,77.69440613455986,"[{""adm2_code"":22362,""adm2_name"":""Dhawalagiri""},{""adm2_code"":22363,""adm2_name"":""Gandaki""}]",2014-10-17,2023-09-25,2014-10-14
110,110,110,110,2015-04-25,2015-0144-NPL,No,nat-geo-ear-gro,Natural,Geophysical,Earthquake,Ground movement,GLIDE:EQ-2015-000048|USGS:us20002926,,NPL,Nepal,Southern Asia,Asia,"Gorkha area (Gandaki district, Western province), Dolakha, Ramechhap areas (Janakpur district, Central province), Bagmati district (Central province)",,"Slide (land, mud, snow, rock)",Yes,No,No,533808.0,7.8,Moment Magnitude,28.23,84.731,,2015,4,25,2015,4,25,8831.0,17932.0,5621790.0,4314.0,5639722.0,,,100000000.0,128557.0,5174000000.0,6651534.0,77.78656765992335,"[{""adm2_code"":22351,""adm2_name"":""Bagmati""},{""adm2_code"":22352,""adm2_name"":""Janakpur""},{""adm2_code"":22363,""adm2_name"":""Gandaki""}]",2015-04-28,2023-09-25,2015-04-25
111,111,111,111,2015-05-12,2015-0175-NPL,No,nat-geo-ear-gro,Natural,Geophysical,Earthquake,Ground movement,USGS:us20002ejl,,NPL,Nepal,Southern Asia,Asia,"Kathmandu, Sindhupalchok areas (Bagmati district, Central province), Dolakha area (Janakpur district, Central province)",,"Slide (land, mud, snow, rock)",No,No,No,,7.3,Moment Magnitude,27.8087,86.0655,19km SE of Kodari,2015,5,12,2015,5,12,138.0,2428.0,12474.0,4314.0,2428.0,,,52500000.0,,12500000.0,,77.78656765992335,"[{""adm2_code"":22351,""adm2_name"":""Bagmati""},{""adm2_code"":22352,""adm2_name"":""Janakpur""}]",2015-05-21,2023-09-25,2015-05-12
112,112,112,112,2015-06-06,2015-0226-NPL,No,nat-hyd-mmw-lan,Natural,Hydrological,Mass movement (wet),Landslide (wet),GLIDE:FL-2015-000066,,NPL,Nepal,Southern Asia,Asia,"Taplejung area (Mechi district, Eastern province)",Torrential rain,"Flood|Slide (land, mud, snow, rock)",No,No,No,,402.5,,28.35,83.83,,2015,6,6,2015,6,11,36.0,18.0,12474.0,4314.0,18.0,,,52500000.0,,12500000.0,,77.78656765992335,"[{""adm2_code"":22355,""adm2_name"":""Mechi""}]",2015-06-15,2023-09-25,2015-06-11
113,113,113,113,2015-07-29,2015-0306-NPL,No,nat-hyd-mmw-lan,Natural,Hydrological,Mass movement (wet),Landslide (wet),,,NPL,Nepal,Southern Asia,Asia,"Kaski area (Gandaki district, Western province), Myagdi area (Dhawalagiri district, Western province), Chitwan area (Narayani district, Central province), Taplejung area (Mechi district, Eastern province)",Heavy rains,,No,No,No,,402.5,,28.35,83.83,,2015,7,29,2015,8,1,29.0,18.0,12474.0,4314.0,18.0,,,52500000.0,,12500000.0,,77.78656765992335,"[{""adm2_code"":22353,""adm2_name"":""Narayani""},{""adm2_code"":22355,""adm2_name"":""Mechi""},{""adm2_code"":22362,""adm2_name"":""Dhawalagiri""},{""adm2_code"":22363,""adm2_name"":""Gandaki""}]",2015-08-03,2023-09-25,2015-08-01
114,114,114,114,2016-02-01,2016-0187-NPL,No,nat-cli-wil-for,Natural,Climatological,Wildfire,Forest fire,,,NPL,Nepal,Southern Asia,Asia,"Dhanusha, Mahottari, Sindhuli (Janakpur), Rupandehi, Argakhanchi (Lumbini), Bardiya (Bheri) and Dang (Rapti), Kanchanpur, Dadeldhura, Darchula, Baitadi, Dadeldhura (Mahakali), Kailali, Doti, Bajhang, Achham, Bajura (Seti)",Combination of well above normal temperature and lack of rainfall,,No,No,No,,402.5,Km2,28.35,83.83,,2016,2,1,2016,5,2,11.0,48.0,12474.0,4314.0,7750.0,,,52500000.0,,12500000.0,,78.76792299752094,"[{""adm2_code"":22352,""adm2_name"":""Janakpur""},{""adm2_code"":22357,""adm2_name"":""Mahakali""},{""adm2_code"":22358,""adm2_name"":""Seti""},{""adm2_code"":22360,""adm2_name"":""Rapti""},{""adm2_code"":22361,""adm2_name"":""Bheri""},{""adm2_code"":22364,""adm2_name"":""Lumbini""}]",2016-06-10,2023-09-25,2016-05-02
115,115,115,115,2016-06-29,2016-0275-NPL,No,nat-hyd-flo-flo,Natural,Hydrological,Flood,Flood (General),,,NPL,Nepal,Southern Asia,Asia,"Rapti, Kerauja VDC, Gorkha, Lamjung (Gandaki); Malikarjun, Kakada, Sarmoli, Uku (Mahakali), Dolakha (Janakpur), Dhading, Nuwakot, Bhagawati, Kavre, Rasuwa (Bagmati)",Heavy rains,,No,No,No,,402.5,Km2,28.35,83.83,"Adhikhola, Jyagdikhola, Kaligandagi",2016,6,29,2016,7,5,25.0,23.0,10000.0,4314.0,10023.0,,,52500000.0,,12500000.0,,78.76792299752094,"[{""adm2_code"":22351,""adm2_name"":""Bagmati""},{""adm2_code"":22352,""adm2_name"":""Janakpur""},{""adm2_code"":22357,""adm2_name"":""Mahakali""},{""adm2_code"":22360,""adm2_name"":""Rapti""},{""adm2_code"":22363,""adm2_name"":""Gandaki""}]",2016-08-05,2023-09-25,2016-07-05
116,116,116,116,2016-07-25,2016-0267-NPL,No,nat-hyd-flo-fla,Natural,Hydrological,Flood,Flash flood,,,NPL,Nepal,Southern Asia,Asia,"Pyuthan (Rapti), Gulmi, Palpa, Rupandehi (Lumbini), Makwanpur (Narayani), Udaypur (Sagarmatha), Baglung, Setibeni Bazaar (Dhawalagiri), Banke (Bheri), Jhapa (Mechi)",Monsoonal rains,"Slide (land, mud, snow, rock)",No,No,No,,402.5,Km2,28.35,83.83,"Jhimruk, Bagdula, Kaligandaki River",2016,7,25,2016,7,27,138.0,51.0,10500.0,4314.0,10551.0,,,52500000.0,,15000000.0,19043.0,78.76792299752094,"[{""adm2_code"":22353,""adm2_name"":""Narayani""},{""adm2_code"":22355,""adm2_name"":""Mechi""},{""adm2_code"":22356,""adm2_name"":""Sagarmatha""},{""adm2_code"":22360,""adm2_name"":""Rapti""},{""adm2_code"":22361,""adm2_name"":""Bheri""},{""adm2_code"":22362,""adm2_name"":""Dhawalagiri""},{""adm2_code"":22364,""adm2_name"":""Lumbini""}]",2016-08-03,2023-09-25,2016-07-27
117,117,117,117,2017-06-30,2017-0256-NPL,No,nat-hyd-mmw-lan,Natural,Hydrological,Mass movement (wet),Landslide (wet),,,NPL,Nepal,Southern Asia,Asia,"Parbat, Kaski, Pyuthan, Syangja, Saptari, Mugu, Sindhuli districts (Paunwatole Rayapur of Rupani Rural Municipality)",Rain,Flood,No,No,No,,402.5,,28.35,83.83,Khado River,2017,6,30,2017,7,5,11.0,48.0,7500.0,4314.0,7500.0,,,52500000.0,,12500000.0,,80.44577926194549,"[{""adm2_code"":22356,""adm2_name"":""Sagarmatha""},{""adm2_code"":22360,""adm2_name"":""Rapti""},{""adm2_code"":22362,""adm2_name"":""Dhawalagiri""},{""adm2_code"":22363,""adm2_name"":""Gandaki""}]",2017-07-17,2024-10-25,2017-07-05
118,118,118,118,2017-06-30,2017-0321-NPL,No,nat-hyd-flo-flo,Natural,Hydrological,Flood,Flood (General),DFO:4490,,NPL,Nepal,Southern Asia,Asia,"Kaski, Syangja (Gandaki), Mugu (Karnali), Sindhuli, Dudhauli (Janakpur), Saptari, Tilathi (Sagarmatha) districts, Parbat district (Daulagiri), Myanglung,Terhathum district (Koshi), Pyuthan district (Rapti)",Torrential rains,"Slide (land, mud, snow, rock)",No,No,No,,402.5,Km2,27.295,86.427,,2017,6,30,2017,7,3,11.0,48.0,6000.0,4314.0,6000.0,,,52500000.0,,12500000.0,,80.44577926194549,"[{""adm2_code"":22352,""adm2_name"":""Janakpur""},{""adm2_code"":22354,""adm2_name"":""Koshi""},{""adm2_code"":22356,""adm2_name"":""Sagarmatha""},{""adm2_code"":22359,""adm2_name"":""Karnali""},{""adm2_code"":22360,""adm2_name"":""Rapti""},{""adm2_code"":22362,""adm2_name"":""Dhawalagiri""},{""adm2_code"":22363,""adm2_name"":""Gandaki""}]",2017-08-04,2023-09-25,2017-07-03
119,119,119,119,2017-08-10,2017-0342-NPL,No,nat-hyd-flo-flo,Natural,Hydrological,Flood,Flood (General),GLIDE:FL-2017-000084,,NPL,Nepal,Southern Asia,Asia,"Lalitpur, Palpa, Jhapa, Morang, Sunsari, Saptari, Bardia, Dang,Banke, Sirha, Sarlai, Bara, Sindhuli, Panchhthar, Rasuwa, Rupendehi, Baglung, Nawalparasi, Kailali, Kalikot, Doti, Dhading, Ramechhap, Syangia, Parbat, Pyuthan, Kaski, Terathum, Dolakha districts",Torrential rains,"Slide (land, mud, snow, rock)",Yes,No,No,,64676.5,Km2,27.941,83.878,,2017,8,10,2017,9,7,176.0,134.0,1700000.0,4314.0,1700134.0,,,52500000.0,,595000000.0,739629.0,80.44577926194549,"[{""adm2_code"":22351,""adm2_name"":""Bagmati""},{""adm2_code"":22352,""adm2_name"":""Janakpur""},{""adm2_code"":22353,""adm2_name"":""Narayani""},{""adm2_code"":22354,""adm2_name"":""Koshi""},{""adm2_code"":22355,""adm2_name"":""Mechi""},{""adm2_code"":22356,""adm2_name"":""Sagarmatha""},{""adm2_code"":22358,""adm2_name"":""Seti""},{""adm2_code"":22359,""adm2_name"":""Karnali""},{""adm2_code"":22360,""adm2_name"":""Rapti""},{""adm2_code"":22361,""adm2_name"":""Bheri""},{""adm2_code"":22362,""adm2_name"":""Dhawalagiri""},{""adm2_code"":22363,""adm2_name"":""Gandaki""},{""adm2_code"":22364,""adm2_name"":""Lumbini""}]",2017-08-18,2023-09-25,2017-09-07
120,120,120,120,2018-01-01,2018-0049-NPL,No,nat-met-ext-col,Natural,Meteorological,Extreme temperature,Cold wave,,,NPL,Nepal,Southern Asia,Asia,"SAptari, Rautahat, Siraha regions",,,No,No,No,,402.5,°C,28.35,83.83,,2018,1,1,2018,1,7,50.0,48.0,12474.0,4314.0,7750.0,,,52500000.0,,12500000.0,,82.41066796103514,,2018-02-27,2023-09-25,2018-01-07
121,121,121,121,2018-07-01,2018-0219-NPL,No,nat-hyd-flo-fla,Natural,Hydrological,Flood,Flash flood,DFO:4646,,NPL,Nepal,Southern Asia,Asia,"Runtigadhi (Rolpa district); Parsa, Kailali, Banke, Dang, Sarlahi, Sindhuli districts; Tanahu, Kathmandu",Monsoonal rain,,No,No,No,,85852.14,Km2,28.238,84.398,,2018,7,1,2018,7,11,15.0,6.0,1400.0,4314.0,1406.0,,,52500000.0,,12500000.0,,82.41066796103514,,2018-07-20,2023-09-25,2018-07-11
122,122,122,122,2019-03-30,2019-0135-NPL,No,nat-met-sto-sev,Natural,Meteorological,Storm,Severe weather,,,NPL,Nepal,Southern Asia,Asia,Bara district,,,No,No,No,,402.5,Kph,28.35,83.83,,2019,3,30,2019,3,31,28.0,612.0,14242.0,4314.0,14854.0,,,52500000.0,,12500000.0,,83.90417006010567,"[{""adm2_code"":22353,""adm2_name"":""Narayani""}]",2019-04-01,2023-09-25,2019-03-31
123,123,123,123,2019-07-08,2019-0332-NPL,No,nat-hyd-flo-flo,Natural,Hydrological,Flood,Flood (General),GLIDE:FL-2019-000083,,NPL,Nepal,Southern Asia,Asia,"Lalitpur, Kathmandu, Bhaktapur, Jhapa, Morang, Sunsari, Saptari, Dang, Dhanusha, Siraha, Sarlai, Bara, Parsa, Bhojpur, Udayapur, Rautahat, Mahottari, Kavre, Makwanpur, Dhading, Ramechhap, Khotang, Dolpa, Sindhuli, Panchthar, Dholakha, Illam, Okhaldunga, Palpa, Kapilabastu and Dhankuta districts",Monsoonal rain,"Slide (land, mud, snow, rock)",No,No,No,,402.5,Km2,28.35,83.83,"Bagmati, Riukhola rivers",2019,7,8,2019,7,29,119.0,41.0,82500.0,4314.0,82541.0,,,52500000.0,,204000000.0,243135.0,83.90417006010567,"[{""adm2_code"":22351,""adm2_name"":""Bagmati""},{""adm2_code"":22352,""adm2_name"":""Janakpur""},{""adm2_code"":22353,""adm2_name"":""Narayani""},{""adm2_code"":22354,""adm2_name"":""Koshi""},{""adm2_code"":22355,""adm2_name"":""Mechi""},{""adm2_code"":22356,""adm2_name"":""Sagarmatha""},{""adm2_code"":22359,""adm2_name"":""Karnali""},{""adm2_code"":22360,""adm2_name"":""Rapti""},{""adm2_code"":22363,""adm2_name"":""Gandaki""},{""adm2_code"":22364,""adm2_name"":""Lumbini""}]",2019-07-15,2023-09-25,2019-07-29
124,124,124,124,2020-06-01,2020-0297-NPL,No,nat-hyd-flo-flo,Natural,Hydrological,Flood,Flood (General),GLIDE:FL-2020-000165,,NPL,Nepal,Southern Asia,Asia,"Parbat, Lamjung, Gorkha, Kalikot, Syangaja, Gulmi, Bajhang, Darchula, Bajura, Sindhupalchok, Kaski, Dailekh, Myagdi, Jajarkot, Rukum Paschim, Dhading, Shankhuwashaba, Jhapa, Tanahun, Baglung, Saptari, Lalitpur, Nawalparasi Purba, Chitwan, Dang,Surkhet, Kailali districts",Heavy rains,"Slide (land, mud, snow, rock)",No,No,No,,402.5,Km2,28.35,83.83,,2020,6,1,2020,9,1,448.0,287.0,117390.0,4314.0,117677.0,,,52500000.0,,100000000.0,117731.0,84.93919812938861,"[{""adm2_code"":22351,""adm2_name"":""Bagmati""},{""adm2_code"":22352,""adm2_name"":""Janakpur""},{""adm2_code"":22353,""adm2_name"":""Narayani""},{""adm2_code"":22354,""adm2_name"":""Koshi""},{""adm2_code"":22355,""adm2_name"":""Mechi""},{""adm2_code"":22356,""adm2_name"":""Sagarmatha""},{""adm2_code"":22357,""adm2_name"":""Mahakali""},{""adm2_code"":22358,""adm2_name"":""Seti""},{""adm2_code"":22359,""adm2_name"":""Karnali""},{""adm2_code"":22360,""adm2_name"":""Rapti""},{""adm2_code"":22361,""adm2_name"":""Bheri""},{""adm2_code"":22362,""adm2_name"":""Dhawalagiri""},{""adm2_code"":22363,""adm2_name"":""Gandaki""},{""adm2_code"":22364,""adm2_name"":""Lumbini""}]",2020-07-07,2023-09-25,2020-09-01
125,125,125,125,2021-06-16,2021-0308-NPL,No,nat-hyd-flo-fla,Natural,Hydrological,Flood,Flash flood,,,NPL,Nepal,Southern Asia,Asia,"Helambu and Melamchi (Sindhupalchok district, previously in Bagmati)",Heavy rains,"Slide (land, mud, snow, rock)",No,No,No,,402.5,Km2,28.35,83.83,,2021,6,16,2021,6,17,46.0,20.0,800.0,4314.0,820.0,,,52500000.0,,12500000.0,,88.92949347720737,"[{""adm2_code"":22351,""adm2_name"":""Bagmati""}]",2021-06-22,2023-09-25,2021-06-17
126,126,126,126,2021-07-01,2021-0381-NPL,No,nat-hyd-flo-flo,Natural,Hydrological,Flood,Flood (General),DFO:5090,,NPL,Nepal,Southern Asia,Asia,"Province 1, Bagmati Province, Gandaki Province and Sudur Pashchim Province",Monsoon rains,"Slide (land, mud, snow, rock)",No,No,No,,111105.91,Km2,28.35,83.83,,2021,7,1,2021,7,7,74.0,51.0,2050.0,4314.0,2101.0,,,52500000.0,,12500000.0,,88.92949347720737,"[{""adm1_code"":2153,""adm1_name"":""Eastern""},{""adm1_code"":2154,""adm1_name"":""Far Western""},{""adm2_code"":22351,""adm2_name"":""Bagmati""},{""adm2_code"":22363,""adm2_name"":""Gandaki""}]",2021-07-07,2023-09-25,2021-07-07
127,127,127,127,2021-09-02,2021-0605-NPL,No,nat-hyd-flo-flo,Natural,Hydrological,Flood,Flood (General),,,NPL,Nepal,Southern Asia,Asia,"Bagmati, Lumbini and Gandaki Provinces",Heavy rains,"Lightening|Slide (land, mud, snow, rock)",No,No,No,,402.5,Km2,28.35,83.83,,2021,9,2,2021,9,6,13.0,10.0,1000.0,4314.0,1010.0,,,52500000.0,,12500000.0,,88.92949347720737,"[{""adm2_code"":22351,""adm2_name"":""Bagmati""},{""adm2_code"":22363,""adm2_name"":""Gandaki""},{""adm2_code"":22364,""adm2_name"":""Lumbini""}]",2021-09-17,2023-09-25,2021-09-06
128,128,128,128,2021-10-16,2021-0681-NPL,No,nat-hyd-flo-flo,Natural,Hydrological,Flood,Flood (General),,,NPL,Nepal,Southern Asia,Asia,Kanchanpur District (Sudurpaschim Province),,"Slide (land, mud, snow, rock)",No,No,No,,402.5,Km2,28.35,83.83,Mahakali River,2021,10,16,2021,10,22,118.0,10.0,12474.0,4314.0,10.0,,,52500000.0,,12500000.0,,88.92949347720737,"[{""adm2_code"":22357,""adm2_name"":""Mahakali""}]",2021-10-21,2023-09-25,2021-10-22
129,129,129,129,2022-06-01,2022-0353-NPL,No,nat-met-sto-sev,Natural,Meteorological,Storm,Severe weather,,,NPL,Nepal,Southern Asia,Asia,,,"Flood|Slide (land, mud, snow, rock)",No,No,No,,402.5,Kph,28.35,83.83,,2022,6,1,2022,6,20,21.0,29.0,515.0,4314.0,544.0,,,52500000.0,,12500000.0,,96.04634212554906,,2022-06-29,2023-09-26,2022-06-20
130,130,130,130,2022-06-16,2022-0426-NPL,No,nat-bio-epi-bac,Natural,Biological,Epidemic,Bacterial disease,GLIDE:EP-2022-000253,Acute Watery Diarrhea,NPL,Nepal,Southern Asia,Asia,Kathmandu Valley,,,No,No,No,,402.5,,28.35,83.83,,2022,6,16,2022,6,30,65.0,48.0,30000.0,4314.0,30000.0,,,52500000.0,,12500000.0,,96.04634212554906,,2022-07-13,2023-09-26,2022-06-30
131,131,131,131,2022-07-15,2022-0488-NPL,No,nat-hyd-mmw-lan,Natural,Hydrological,Mass movement (wet),Landslide (wet),,,NPL,Nepal,Southern Asia,Asia,Myagdi and Kaski districts (Gandaki Province),Heavy rains,Flood|Storm,No,No,No,,402.5,,28.35,83.83,,2022,7,15,2022,8,18,22.0,40.0,510.0,4314.0,550.0,,,52500000.0,,12500000.0,,96.04634212554906,,2022-08-03,2023-09-26,2022-08-18
132,132,132,132,2022-08-02,2022-0493-NPL,No,nat-hyd-flo-flo,Natural,Hydrological,Flood,Flood (General),,,NPL,Nepal,Southern Asia,Asia,Belaka municipality of Udayapur district; Saptakoshi,Incessant rains,"Slide (land, mud, snow, rock)",No,No,No,,402.5,Km2,28.35,83.83,,2022,8,2,2022,8,31,132.0,48.0,5500.0,4314.0,5500.0,,,52500000.0,,12500000.0,,96.04634212554906,,2022-08-04,2023-09-26,2022-08-31
133,133,133,133,2022-09-09,2022-0590-NPL,No,nat-hyd-flo-flo,Natural,Hydrological,Flood,Flood (General),,,NPL,Nepal,Southern Asia,Asia,Darchula District (Sudurpashchim Provincel); Kanchanpur District (Sudurpashchim Province),Heavy rains,"Slide (land, mud, snow, rock)",No,No,No,,402.5,Km2,28.35,83.83,,2022,9,9,2022,9,17,15.0,11.0,500.0,4314.0,511.0,,,52500000.0,,12500000.0,,96.04634212554906,,2022-09-13,2023-09-26,2022-09-17
134,134,134,134,2022-11-09,2022-0731-NPL,No,nat-geo-ear-gro,Natural,Geophysical,Earthquake,Ground movement,GLIDE:EQ-2022-000358,,NPL,Nepal,Southern Asia,Asia,Doti district,,,No,No,No,,5.7,Moment Magnitude,29.274,81.149,,2022,11,9,2022,11,9,6.0,8.0,30000.0,4314.0,30008.0,,,52500000.0,,12500000.0,,96.04634212554906,,2022-11-10,2023-09-26,2022-11-09
135,135,135,135,2023-04-01,2023-0421-NPL,No,nat-bio-epi-vir,Natural,Biological,Epidemic,Viral disease,GLIDE:EP-2023-000092,Dengue,NPL,Nepal,Southern Asia,Asia,"Bagmati, Lumbini",,,No,No,No,,402.5,Vaccinated,28.35,83.83,,2023,4,1,2023,6,1,65.0,600.0,12474.0,4314.0,600.0,,,52500000.0,,12500000.0,,100.0,,2023-07-05,2023-09-26,2023-06-01
136,136,136,136,2023-06-15,2023-0326-NPL,No,nat-hyd-flo-flo,Natural,Hydrological,Flood,Flood (General),,,NPL,Nepal,Southern Asia,Asia,"Nuwakot, Okhaldhunga, Panchthar, Shankhuwasabha, Taplejung, Dhankuta and Ilam (Koshi province)",Heavy rains,"Slide (land, mud, snow, rock)",No,No,No,,402.5,Km2,28.35,83.83,,2023,6,15,2023,6,19,36.0,6.0,1500.0,4314.0,1506.0,,,52500000.0,,12500000.0,,100.0,,2023-06-26,2023-09-26,2023-06-19
137,137,137,137,2023-10-03,2023-0653-NPL,No,nat-geo-ear-gro,Natural,Geophysical,Earthquake,Ground movement,GLIDE:EQ-2023-000182,,NPL,Nepal,Southern Asia,Asia,"Achham, Baitadi, Bajhang and Bajura districts",,"Slide (land, mud, snow, rock)",No,No,No,,5.7,Moment Magnitude,29.498,81.243,,2023,10,3,2023,10,3,1.0,23.0,36250.0,4314.0,36273.0,,,52500000.0,,12500000.0,,100.0,,2023-10-12,2023-12-21,2023-10-03
138,138,138,138,2023-11-03,2023-0722-NPL,No,nat-geo-ear-gro,Natural,Geophysical,Earthquake,Ground movement,GLIDE:EQ-2023-000214,,NPL,Nepal,Southern Asia,Asia,Jajarkot and Rukum Districts of Karnali Province,,,No,No,No,,5.7,Moment Magnitude,28.848,82.18,,2023,11,3,2023,11,3,154.0,366.0,300000.0,4314.0,300366.0,,,52500000.0,,100000000.0,100000.0,100.0,,2023-11-06,2024-02-12,2023-11-03
139,139,139,139,2024-06-01,2024-0428-NPL,No,nat-hyd-flo-flo,Natural,Hydrological,Flood,Flood (General),,,NPL,Nepal,Southern Asia,Asia,,Heavy rains,"Slide (land, mud, snow, rock)",No,No,No,,402.5,Km2,28.35,83.83,,2024,6,1,2024,7,1,24.0,29.0,2705.0,4314.0,2734.0,,,52500000.0,,12500000.0,,60.37325106625937,,2024-07-08,2024-07-11,2024-07-01
140,140,140,140,2024-07-10,2024-0478-NPL,No,nat-hyd-mmw-lan,Natural,Hydrological,Mass movement (wet),Landslide (wet),,,NPL,Nepal,Southern Asia,Asia,"Baglung, Chitawan, Kaski, and Myagdi districts (Gandaki and Bagmati provinces)",,,No,No,No,,402.5,,28.35,83.83,,2024,7,10,2024,7,15,25.0,13.0,12474.0,4314.0,13.0,,,52500000.0,,12500000.0,,60.37325106625937,,2024-07-15,2024-07-23,2024-07-15
141,141,141,141,2024-07-13,2024-0477-NPL,No,nat-hyd-mmw-lan,Natural,Hydrological,Mass movement (wet),Landslide (wet),,,NPL,Nepal,Southern Asia,Asia,Chitwan District,Heavy rain,,No,No,No,,402.5,,28.35,83.83,,2024,7,13,2024,7,15,62.0,48.0,12474.0,4314.0,7750.0,,,52500000.0,,12500000.0,,60.37325106625937,,2024-07-15,2024-08-19,2024-07-15
142,142,142,142,2024-08-16,2024-0596-NPL,No,nat-cli-glo-glo,Natural,Climatological,Glacial lake outburst flood,Glacial lake outburst flood,,,NPL,Nepal,Southern Asia,Asia,Solukhumbu district (Koshi province),,"Flood|Slide (land, mud, snow, rock)",No,No,No,,402.5,,28.35,83.83,,2024,8,16,2024,8,16,65.0,48.0,135.0,4314.0,135.0,,,52500000.0,,12500000.0,,60.37325106625937,,2024-08-19,2024-08-23,2024-08-16
143,143,143,143,2024-09-26,2024-0692-NPL,No,nat-hyd-flo-flo,Natural,Hydrological,Flood,Flood (General),GLIDE:FL-2024-000177,,NPL,Nepal,Southern Asia,Asia,"Kathmandu, Kavrepalanchowk, Lalitpur, Bagmati, Gandak",Heavy rains,"Slide (land, mud, snow, rock)",No,No,No,,402.5,Km2,28.35,83.83,,2024,9,26,2024,10,8,268.0,178.0,2590000.0,4314.0,2590178.0,,,52500000.0,,338043000.0,,60.37325106625937,,2024-09-30,2024-11-06,2024-10-08
144,144,144,144,2025-01-07,2025-0004-NPL,No,nat-geo-ear-gro,Natural,Geophysical,Earthquake,Ground movement,,,NPL,Nepal,Southern Asia,Asia,,,,No,No,No,,7.1,Moment Magnitude,28.35,83.83,,2025,1,7,2025,1,7,65.0,13.0,60.0,10.0,83.0,,,52500000.0,,12500000.0,,60.37325106625937,,2025-01-13,2025-02-12,2025-01-07
